"Year","Keyword","x","Incidenceweight"
1971,"(GC-MS)",1,"1-2"
1984,"(GC-MS)",1,"1-2"
1986,"(GC-MS)",3,"3-5"
1987,"(GC-MS)",1,"1-2"
1989,"(GC-MS)",4,"3-5"
1992,"(GC-MS)",3,"3-5"
1994,"(GC-MS)",4,"3-5"
1995,"(GC-MS)",6,"6-9"
1996,"(GC-MS)",7,"6-9"
1997,"(GC-MS)",14,"10-14"
1998,"(GC-MS)",10,"10-14"
1999,"(GC-MS)",13,"10-14"
2000,"(GC-MS)",14,"10-14"
2001,"(GC-MS)",10,"10-14"
2002,"(GC-MS)",10,"10-14"
2003,"(GC-MS)",8,"6-9"
2004,"(GC-MS)",15,"15-19"
2005,"(GC-MS)",19,"15-19"
2006,"(GC-MS)",19,"15-19"
2007,"(GC-MS)",16,"15-19"
2008,"(GC-MS)",20,"20-24"
2009,"(GC-MS)",23,"20-24"
2010,"(GC-MS)",27,"25-29"
2011,"(GC-MS)",23,"20-24"
2012,"(GC-MS)",37,"30-39"
2013,"(GC-MS)",35,"30-39"
2014,"(GC-MS)",39,"30-39"
2015,"(GC-MS)",21,"20-24"
2016,"(GC-MS)",35,"30-39"
2017,"(GC-MS)",22,"20-24"
2018,"(GC-MS)",23,"20-24"
2019,"(GC-MS)",27,"25-29"
2020,"(GC-MS)",33,"30-39"
2021,"(GC-MS)",24,"20-24"
1982,"(HPLC)",1,"1-2"
1983,"(HPLC)",1,"1-2"
1984,"(HPLC)",2,"1-2"
1985,"(HPLC)",2,"1-2"
1986,"(HPLC)",5,"3-5"
1987,"(HPLC)",5,"3-5"
1988,"(HPLC)",1,"1-2"
1989,"(HPLC)",5,"3-5"
1990,"(HPLC)",1,"1-2"
1991,"(HPLC)",2,"1-2"
1992,"(HPLC)",2,"1-2"
1994,"(HPLC)",2,"1-2"
1995,"(HPLC)",2,"1-2"
1996,"(HPLC)",6,"6-9"
1997,"(HPLC)",6,"6-9"
1998,"(HPLC)",2,"1-2"
1999,"(HPLC)",4,"3-5"
2000,"(HPLC)",4,"3-5"
2001,"(HPLC)",5,"3-5"
2002,"(HPLC)",3,"3-5"
2003,"(HPLC)",5,"3-5"
2004,"(HPLC)",8,"6-9"
2005,"(HPLC)",7,"6-9"
2006,"(HPLC)",6,"6-9"
2007,"(HPLC)",5,"3-5"
2008,"(HPLC)",5,"3-5"
2009,"(HPLC)",8,"6-9"
2010,"(HPLC)",6,"6-9"
2011,"(HPLC)",3,"3-5"
2012,"(HPLC)",10,"10-14"
2013,"(HPLC)",3,"3-5"
2014,"(HPLC)",1,"1-2"
2015,"(HPLC)",4,"3-5"
2016,"(HPLC)",5,"3-5"
2017,"(HPLC)",5,"3-5"
2018,"(HPLC)",6,"6-9"
2019,"(HPLC)",7,"6-9"
2020,"(HPLC)",4,"3-5"
2021,"(HPLC)",2,"1-2"
1994,"(LC-MS)",2,"1-2"
1996,"(LC-MS)",2,"1-2"
1999,"(LC-MS)",1,"1-2"
2000,"(LC-MS)",4,"3-5"
2001,"(LC-MS)",2,"1-2"
2002,"(LC-MS)",3,"3-5"
2003,"(LC-MS)",5,"3-5"
2004,"(LC-MS)",7,"6-9"
2005,"(LC-MS)",11,"10-14"
2006,"(LC-MS)",15,"15-19"
2007,"(LC-MS)",11,"10-14"
2008,"(LC-MS)",13,"10-14"
2009,"(LC-MS)",11,"10-14"
2010,"(LC-MS)",6,"6-9"
2011,"(LC-MS)",3,"3-5"
2012,"(LC-MS)",12,"10-14"
2013,"(LC-MS)",12,"10-14"
2014,"(LC-MS)",4,"3-5"
2015,"(LC-MS)",9,"6-9"
2016,"(LC-MS)",10,"10-14"
2017,"(LC-MS)",9,"6-9"
2018,"(LC-MS)",5,"3-5"
2019,"(LC-MS)",7,"6-9"
2020,"(LC-MS)",5,"3-5"
2021,"(LC-MS)",6,"6-9"
1998,"(LC-MS/MS)",1,"1-2"
2002,"(LC-MS/MS)",1,"1-2"
2003,"(LC-MS/MS)",1,"1-2"
2004,"(LC-MS/MS)",7,"6-9"
2005,"(LC-MS/MS)",9,"6-9"
2006,"(LC-MS/MS)",7,"6-9"
2007,"(LC-MS/MS)",17,"15-19"
2008,"(LC-MS/MS)",14,"10-14"
2009,"(LC-MS/MS)",16,"15-19"
2010,"(LC-MS/MS)",15,"15-19"
2011,"(LC-MS/MS)",24,"20-24"
2012,"(LC-MS/MS)",36,"30-39"
2013,"(LC-MS/MS)",32,"30-39"
2014,"(LC-MS/MS)",46,"40-49"
2015,"(LC-MS/MS)",39,"30-39"
2016,"(LC-MS/MS)",23,"20-24"
2017,"(LC-MS/MS)",29,"25-29"
2018,"(LC-MS/MS)",32,"30-39"
2019,"(LC-MS/MS)",32,"30-39"
2020,"(LC-MS/MS)",37,"30-39"
2021,"(LC-MS/MS)",44,"40-49"
1993,"3,4-METHYLENEDIOXYMETHAMPHETAMINE (MDMA)",2,"1-2"
1996,"3,4-METHYLENEDIOXYMETHAMPHETAMINE (MDMA)",3,"3-5"
1997,"3,4-METHYLENEDIOXYMETHAMPHETAMINE (MDMA)",3,"3-5"
1998,"3,4-METHYLENEDIOXYMETHAMPHETAMINE (MDMA)",1,"1-2"
1999,"3,4-METHYLENEDIOXYMETHAMPHETAMINE (MDMA)",4,"3-5"
2000,"3,4-METHYLENEDIOXYMETHAMPHETAMINE (MDMA)",4,"3-5"
2001,"3,4-METHYLENEDIOXYMETHAMPHETAMINE (MDMA)",7,"6-9"
2002,"3,4-METHYLENEDIOXYMETHAMPHETAMINE (MDMA)",6,"6-9"
2003,"3,4-METHYLENEDIOXYMETHAMPHETAMINE (MDMA)",7,"6-9"
2004,"3,4-METHYLENEDIOXYMETHAMPHETAMINE (MDMA)",5,"3-5"
2005,"3,4-METHYLENEDIOXYMETHAMPHETAMINE (MDMA)",10,"10-14"
2006,"3,4-METHYLENEDIOXYMETHAMPHETAMINE (MDMA)",5,"3-5"
2007,"3,4-METHYLENEDIOXYMETHAMPHETAMINE (MDMA)",12,"10-14"
2008,"3,4-METHYLENEDIOXYMETHAMPHETAMINE (MDMA)",5,"3-5"
2009,"3,4-METHYLENEDIOXYMETHAMPHETAMINE (MDMA)",9,"6-9"
2010,"3,4-METHYLENEDIOXYMETHAMPHETAMINE (MDMA)",7,"6-9"
2011,"3,4-METHYLENEDIOXYMETHAMPHETAMINE (MDMA)",5,"3-5"
2012,"3,4-METHYLENEDIOXYMETHAMPHETAMINE (MDMA)",10,"10-14"
2013,"3,4-METHYLENEDIOXYMETHAMPHETAMINE (MDMA)",6,"6-9"
2014,"3,4-METHYLENEDIOXYMETHAMPHETAMINE (MDMA)",10,"10-14"
2015,"3,4-METHYLENEDIOXYMETHAMPHETAMINE (MDMA)",3,"3-5"
2016,"3,4-METHYLENEDIOXYMETHAMPHETAMINE (MDMA)",10,"10-14"
2017,"3,4-METHYLENEDIOXYMETHAMPHETAMINE (MDMA)",4,"3-5"
2018,"3,4-METHYLENEDIOXYMETHAMPHETAMINE (MDMA)",5,"3-5"
2019,"3,4-METHYLENEDIOXYMETHAMPHETAMINE (MDMA)",6,"6-9"
2020,"3,4-METHYLENEDIOXYMETHAMPHETAMINE (MDMA)",6,"6-9"
2021,"3,4-METHYLENEDIOXYMETHAMPHETAMINE (MDMA)",6,"6-9"
1993,"ADDICTION",3,"3-5"
1994,"ADDICTION",3,"3-5"
1995,"ADDICTION",2,"1-2"
1999,"ADDICTION",1,"1-2"
2000,"ADDICTION",1,"1-2"
2002,"ADDICTION",1,"1-2"
2004,"ADDICTION",5,"3-5"
2005,"ADDICTION",1,"1-2"
2006,"ADDICTION",2,"1-2"
2008,"ADDICTION",3,"3-5"
2009,"ADDICTION",3,"3-5"
2010,"ADDICTION",3,"3-5"
2011,"ADDICTION",4,"3-5"
2012,"ADDICTION",4,"3-5"
2013,"ADDICTION",3,"3-5"
2014,"ADDICTION",2,"1-2"
2015,"ADDICTION",3,"3-5"
2016,"ADDICTION",3,"3-5"
2017,"ADDICTION",7,"6-9"
2018,"ADDICTION",3,"3-5"
2019,"ADDICTION",6,"6-9"
2020,"ADDICTION",3,"3-5"
2021,"ADDICTION",7,"6-9"
1984,"ADOLESCENT",1,"1-2"
1985,"ADOLESCENT",2,"1-2"
1998,"ADOLESCENT",1,"1-2"
1999,"ADOLESCENT",1,"1-2"
2000,"ADOLESCENT",2,"1-2"
2001,"ADOLESCENT",1,"1-2"
2003,"ADOLESCENT",4,"3-5"
2004,"ADOLESCENT",1,"1-2"
2005,"ADOLESCENT",2,"1-2"
2006,"ADOLESCENT",4,"3-5"
2007,"ADOLESCENT",2,"1-2"
2008,"ADOLESCENT",6,"6-9"
2009,"ADOLESCENT",1,"1-2"
2010,"ADOLESCENT",1,"1-2"
2011,"ADOLESCENT",1,"1-2"
2012,"ADOLESCENT",1,"1-2"
2013,"ADOLESCENT",2,"1-2"
2014,"ADOLESCENT",5,"3-5"
2015,"ADOLESCENT",3,"3-5"
2016,"ADOLESCENT",6,"6-9"
2017,"ADOLESCENT",2,"1-2"
2018,"ADOLESCENT",4,"3-5"
2019,"ADOLESCENT",6,"6-9"
2020,"ADOLESCENT",1,"1-2"
2021,"ADOLESCENT",4,"3-5"
1974,"ALCOHOL",1,"1-2"
1981,"ALCOHOL",1,"1-2"
1983,"ALCOHOL",1,"1-2"
1985,"ALCOHOL",1,"1-2"
1986,"ALCOHOL",3,"3-5"
1991,"ALCOHOL",1,"1-2"
1992,"ALCOHOL",2,"1-2"
1994,"ALCOHOL",1,"1-2"
1995,"ALCOHOL",1,"1-2"
1996,"ALCOHOL",2,"1-2"
1997,"ALCOHOL",1,"1-2"
1998,"ALCOHOL",1,"1-2"
1999,"ALCOHOL",4,"3-5"
2001,"ALCOHOL",2,"1-2"
2002,"ALCOHOL",1,"1-2"
2003,"ALCOHOL",4,"3-5"
2004,"ALCOHOL",5,"3-5"
2005,"ALCOHOL",12,"10-14"
2006,"ALCOHOL",6,"6-9"
2007,"ALCOHOL",8,"6-9"
2008,"ALCOHOL",10,"10-14"
2009,"ALCOHOL",9,"6-9"
2010,"ALCOHOL",8,"6-9"
2011,"ALCOHOL",11,"10-14"
2012,"ALCOHOL",16,"15-19"
2013,"ALCOHOL",14,"10-14"
2014,"ALCOHOL",10,"10-14"
2015,"ALCOHOL",15,"15-19"
2016,"ALCOHOL",4,"3-5"
2017,"ALCOHOL",4,"3-5"
2018,"ALCOHOL",6,"6-9"
2019,"ALCOHOL",11,"10-14"
2020,"ALCOHOL",7,"6-9"
2021,"ALCOHOL",7,"6-9"
1970,"AMPHETAMINE AND DERIVATIVES",1,"1-2"
1979,"AMPHETAMINE AND DERIVATIVES",1,"1-2"
1981,"AMPHETAMINE AND DERIVATIVES",1,"1-2"
1983,"AMPHETAMINE AND DERIVATIVES",1,"1-2"
1984,"AMPHETAMINE AND DERIVATIVES",3,"3-5"
1987,"AMPHETAMINE AND DERIVATIVES",1,"1-2"
1989,"AMPHETAMINE AND DERIVATIVES",3,"3-5"
1990,"AMPHETAMINE AND DERIVATIVES",1,"1-2"
1992,"AMPHETAMINE AND DERIVATIVES",2,"1-2"
1993,"AMPHETAMINE AND DERIVATIVES",2,"1-2"
1995,"AMPHETAMINE AND DERIVATIVES",3,"3-5"
1996,"AMPHETAMINE AND DERIVATIVES",5,"3-5"
1997,"AMPHETAMINE AND DERIVATIVES",12,"10-14"
1998,"AMPHETAMINE AND DERIVATIVES",2,"1-2"
1999,"AMPHETAMINE AND DERIVATIVES",9,"6-9"
2000,"AMPHETAMINE AND DERIVATIVES",9,"6-9"
2001,"AMPHETAMINE AND DERIVATIVES",10,"10-14"
2002,"AMPHETAMINE AND DERIVATIVES",10,"10-14"
2003,"AMPHETAMINE AND DERIVATIVES",6,"6-9"
2004,"AMPHETAMINE AND DERIVATIVES",6,"6-9"
2005,"AMPHETAMINE AND DERIVATIVES",9,"6-9"
2006,"AMPHETAMINE AND DERIVATIVES",13,"10-14"
2007,"AMPHETAMINE AND DERIVATIVES",16,"15-19"
2008,"AMPHETAMINE AND DERIVATIVES",4,"3-5"
2009,"AMPHETAMINE AND DERIVATIVES",10,"10-14"
2010,"AMPHETAMINE AND DERIVATIVES",9,"6-9"
2011,"AMPHETAMINE AND DERIVATIVES",6,"6-9"
2012,"AMPHETAMINE AND DERIVATIVES",5,"3-5"
2013,"AMPHETAMINE AND DERIVATIVES",10,"10-14"
2014,"AMPHETAMINE AND DERIVATIVES",11,"10-14"
2015,"AMPHETAMINE AND DERIVATIVES",6,"6-9"
2016,"AMPHETAMINE AND DERIVATIVES",7,"6-9"
2017,"AMPHETAMINE AND DERIVATIVES",5,"3-5"
2018,"AMPHETAMINE AND DERIVATIVES",13,"10-14"
2019,"AMPHETAMINE AND DERIVATIVES",11,"10-14"
2020,"AMPHETAMINE AND DERIVATIVES",10,"10-14"
2021,"AMPHETAMINE AND DERIVATIVES",17,"15-19"
1982,"ANALYSIS",1,"1-2"
1987,"ANALYSIS",1,"1-2"
1990,"ANALYSIS",2,"1-2"
1993,"ANALYSIS",2,"1-2"
1996,"ANALYSIS",2,"1-2"
1997,"ANALYSIS",2,"1-2"
1998,"ANALYSIS",2,"1-2"
2000,"ANALYSIS",3,"3-5"
2002,"ANALYSIS",1,"1-2"
2003,"ANALYSIS",3,"3-5"
2004,"ANALYSIS",4,"3-5"
2005,"ANALYSIS",4,"3-5"
2006,"ANALYSIS",2,"1-2"
2007,"ANALYSIS",2,"1-2"
2008,"ANALYSIS",2,"1-2"
2009,"ANALYSIS",4,"3-5"
2010,"ANALYSIS",1,"1-2"
2011,"ANALYSIS",3,"3-5"
2012,"ANALYSIS",5,"3-5"
2013,"ANALYSIS",8,"6-9"
2014,"ANALYSIS",3,"3-5"
2015,"ANALYSIS",3,"3-5"
2016,"ANALYSIS",3,"3-5"
2017,"ANALYSIS",6,"6-9"
2018,"ANALYSIS",3,"3-5"
2019,"ANALYSIS",5,"3-5"
2020,"ANALYSIS",6,"6-9"
2021,"ANALYSIS",3,"3-5"
1985,"AUTOPSY",1,"1-2"
1986,"AUTOPSY",2,"1-2"
1990,"AUTOPSY",1,"1-2"
1991,"AUTOPSY",1,"1-2"
1992,"AUTOPSY",1,"1-2"
1993,"AUTOPSY",2,"1-2"
1994,"AUTOPSY",2,"1-2"
1995,"AUTOPSY",2,"1-2"
1997,"AUTOPSY",8,"6-9"
1998,"AUTOPSY",4,"3-5"
1999,"AUTOPSY",3,"3-5"
2000,"AUTOPSY",2,"1-2"
2001,"AUTOPSY",6,"6-9"
2002,"AUTOPSY",3,"3-5"
2003,"AUTOPSY",8,"6-9"
2004,"AUTOPSY",9,"6-9"
2005,"AUTOPSY",9,"6-9"
2006,"AUTOPSY",9,"6-9"
2007,"AUTOPSY",14,"10-14"
2008,"AUTOPSY",13,"10-14"
2009,"AUTOPSY",11,"10-14"
2010,"AUTOPSY",8,"6-9"
2011,"AUTOPSY",25,"25-29"
2012,"AUTOPSY",34,"30-39"
2013,"AUTOPSY",33,"30-39"
2014,"AUTOPSY",22,"20-24"
2015,"AUTOPSY",23,"20-24"
2016,"AUTOPSY",31,"30-39"
2017,"AUTOPSY",26,"25-29"
2018,"AUTOPSY",30,"30-39"
2019,"AUTOPSY",36,"30-39"
2020,"AUTOPSY",28,"25-29"
2021,"AUTOPSY",40,"40-49"
1985,"BENZODIAZEPINE AND DERIVATIVES",2,"1-2"
1986,"BENZODIAZEPINE AND DERIVATIVES",1,"1-2"
1987,"BENZODIAZEPINE AND DERIVATIVES",2,"1-2"
1988,"BENZODIAZEPINE AND DERIVATIVES",2,"1-2"
1989,"BENZODIAZEPINE AND DERIVATIVES",1,"1-2"
1990,"BENZODIAZEPINE AND DERIVATIVES",1,"1-2"
1992,"BENZODIAZEPINE AND DERIVATIVES",1,"1-2"
1993,"BENZODIAZEPINE AND DERIVATIVES",1,"1-2"
1994,"BENZODIAZEPINE AND DERIVATIVES",1,"1-2"
1996,"BENZODIAZEPINE AND DERIVATIVES",3,"3-5"
1997,"BENZODIAZEPINE AND DERIVATIVES",5,"3-5"
1998,"BENZODIAZEPINE AND DERIVATIVES",6,"6-9"
1999,"BENZODIAZEPINE AND DERIVATIVES",2,"1-2"
2000,"BENZODIAZEPINE AND DERIVATIVES",6,"6-9"
2001,"BENZODIAZEPINE AND DERIVATIVES",5,"3-5"
2002,"BENZODIAZEPINE AND DERIVATIVES",4,"3-5"
2003,"BENZODIAZEPINE AND DERIVATIVES",7,"6-9"
2004,"BENZODIAZEPINE AND DERIVATIVES",10,"10-14"
2005,"BENZODIAZEPINE AND DERIVATIVES",6,"6-9"
2006,"BENZODIAZEPINE AND DERIVATIVES",5,"3-5"
2007,"BENZODIAZEPINE AND DERIVATIVES",5,"3-5"
2008,"BENZODIAZEPINE AND DERIVATIVES",6,"6-9"
2009,"BENZODIAZEPINE AND DERIVATIVES",8,"6-9"
2010,"BENZODIAZEPINE AND DERIVATIVES",8,"6-9"
2011,"BENZODIAZEPINE AND DERIVATIVES",8,"6-9"
2012,"BENZODIAZEPINE AND DERIVATIVES",9,"6-9"
2013,"BENZODIAZEPINE AND DERIVATIVES",7,"6-9"
2014,"BENZODIAZEPINE AND DERIVATIVES",11,"10-14"
2015,"BENZODIAZEPINE AND DERIVATIVES",12,"10-14"
2016,"BENZODIAZEPINE AND DERIVATIVES",9,"6-9"
2017,"BENZODIAZEPINE AND DERIVATIVES",4,"3-5"
2018,"BENZODIAZEPINE AND DERIVATIVES",13,"10-14"
2019,"BENZODIAZEPINE AND DERIVATIVES",5,"3-5"
2020,"BENZODIAZEPINE AND DERIVATIVES",8,"6-9"
2021,"BENZODIAZEPINE AND DERIVATIVES",15,"15-19"
1978,"BLOOD",1,"1-2"
1984,"BLOOD",1,"1-2"
1986,"BLOOD",1,"1-2"
1987,"BLOOD",1,"1-2"
1990,"BLOOD",2,"1-2"
1991,"BLOOD",1,"1-2"
1993,"BLOOD",1,"1-2"
1994,"BLOOD",1,"1-2"
1995,"BLOOD",2,"1-2"
1996,"BLOOD",2,"1-2"
1997,"BLOOD",2,"1-2"
1998,"BLOOD",3,"3-5"
1999,"BLOOD",2,"1-2"
2000,"BLOOD",4,"3-5"
2001,"BLOOD",3,"3-5"
2002,"BLOOD",1,"1-2"
2003,"BLOOD",4,"3-5"
2004,"BLOOD",3,"3-5"
2005,"BLOOD",6,"6-9"
2006,"BLOOD",8,"6-9"
2007,"BLOOD",9,"6-9"
2008,"BLOOD",7,"6-9"
2009,"BLOOD",1,"1-2"
2010,"BLOOD",8,"6-9"
2011,"BLOOD",10,"10-14"
2012,"BLOOD",13,"10-14"
2013,"BLOOD",19,"15-19"
2014,"BLOOD",15,"15-19"
2015,"BLOOD",20,"20-24"
2016,"BLOOD",7,"6-9"
2017,"BLOOD",5,"3-5"
2018,"BLOOD",7,"6-9"
2019,"BLOOD",8,"6-9"
2020,"BLOOD",9,"6-9"
2021,"BLOOD",12,"10-14"
1984,"CANNABINOIDS AND DERIVATIVES",1,"1-2"
1993,"CANNABINOIDS AND DERIVATIVES",1,"1-2"
1997,"CANNABINOIDS AND DERIVATIVES",1,"1-2"
1998,"CANNABINOIDS AND DERIVATIVES",2,"1-2"
1999,"CANNABINOIDS AND DERIVATIVES",1,"1-2"
2000,"CANNABINOIDS AND DERIVATIVES",4,"3-5"
2002,"CANNABINOIDS AND DERIVATIVES",5,"3-5"
2003,"CANNABINOIDS AND DERIVATIVES",2,"1-2"
2004,"CANNABINOIDS AND DERIVATIVES",3,"3-5"
2005,"CANNABINOIDS AND DERIVATIVES",2,"1-2"
2006,"CANNABINOIDS AND DERIVATIVES",3,"3-5"
2007,"CANNABINOIDS AND DERIVATIVES",5,"3-5"
2008,"CANNABINOIDS AND DERIVATIVES",4,"3-5"
2009,"CANNABINOIDS AND DERIVATIVES",1,"1-2"
2010,"CANNABINOIDS AND DERIVATIVES",9,"6-9"
2011,"CANNABINOIDS AND DERIVATIVES",9,"6-9"
2012,"CANNABINOIDS AND DERIVATIVES",16,"15-19"
2013,"CANNABINOIDS AND DERIVATIVES",18,"15-19"
2014,"CANNABINOIDS AND DERIVATIVES",14,"10-14"
2015,"CANNABINOIDS AND DERIVATIVES",21,"20-24"
2016,"CANNABINOIDS AND DERIVATIVES",23,"20-24"
2017,"CANNABINOIDS AND DERIVATIVES",27,"25-29"
2018,"CANNABINOIDS AND DERIVATIVES",18,"15-19"
2019,"CANNABINOIDS AND DERIVATIVES",23,"20-24"
2020,"CANNABINOIDS AND DERIVATIVES",22,"20-24"
2021,"CANNABINOIDS AND DERIVATIVES",19,"15-19"
1979,"CANNABIS AND DERIVATIVES",1,"1-2"
1985,"CANNABIS AND DERIVATIVES",2,"1-2"
1986,"CANNABIS AND DERIVATIVES",1,"1-2"
1988,"CANNABIS AND DERIVATIVES",1,"1-2"
1989,"CANNABIS AND DERIVATIVES",1,"1-2"
1991,"CANNABIS AND DERIVATIVES",1,"1-2"
1993,"CANNABIS AND DERIVATIVES",1,"1-2"
1996,"CANNABIS AND DERIVATIVES",2,"1-2"
1997,"CANNABIS AND DERIVATIVES",1,"1-2"
1998,"CANNABIS AND DERIVATIVES",3,"3-5"
1999,"CANNABIS AND DERIVATIVES",4,"3-5"
2000,"CANNABIS AND DERIVATIVES",5,"3-5"
2001,"CANNABIS AND DERIVATIVES",5,"3-5"
2002,"CANNABIS AND DERIVATIVES",3,"3-5"
2003,"CANNABIS AND DERIVATIVES",3,"3-5"
2005,"CANNABIS AND DERIVATIVES",2,"1-2"
2006,"CANNABIS AND DERIVATIVES",5,"3-5"
2007,"CANNABIS AND DERIVATIVES",8,"6-9"
2008,"CANNABIS AND DERIVATIVES",4,"3-5"
2009,"CANNABIS AND DERIVATIVES",2,"1-2"
2010,"CANNABIS AND DERIVATIVES",6,"6-9"
2011,"CANNABIS AND DERIVATIVES",8,"6-9"
2012,"CANNABIS AND DERIVATIVES",12,"10-14"
2013,"CANNABIS AND DERIVATIVES",8,"6-9"
2014,"CANNABIS AND DERIVATIVES",10,"10-14"
2015,"CANNABIS AND DERIVATIVES",9,"6-9"
2016,"CANNABIS AND DERIVATIVES",5,"3-5"
2017,"CANNABIS AND DERIVATIVES",12,"10-14"
2018,"CANNABIS AND DERIVATIVES",1,"1-2"
2019,"CANNABIS AND DERIVATIVES",8,"6-9"
2020,"CANNABIS AND DERIVATIVES",14,"10-14"
2021,"CANNABIS AND DERIVATIVES",12,"10-14"
1995,"CAPILLARY ELECTROPHORESIS",2,"1-2"
1996,"CAPILLARY ELECTROPHORESIS",4,"3-5"
1997,"CAPILLARY ELECTROPHORESIS",3,"3-5"
1998,"CAPILLARY ELECTROPHORESIS",8,"6-9"
1999,"CAPILLARY ELECTROPHORESIS",3,"3-5"
2000,"CAPILLARY ELECTROPHORESIS",3,"3-5"
2001,"CAPILLARY ELECTROPHORESIS",8,"6-9"
2002,"CAPILLARY ELECTROPHORESIS",3,"3-5"
2003,"CAPILLARY ELECTROPHORESIS",4,"3-5"
2004,"CAPILLARY ELECTROPHORESIS",3,"3-5"
2005,"CAPILLARY ELECTROPHORESIS",7,"6-9"
2006,"CAPILLARY ELECTROPHORESIS",8,"6-9"
2007,"CAPILLARY ELECTROPHORESIS",6,"6-9"
2008,"CAPILLARY ELECTROPHORESIS",3,"3-5"
2009,"CAPILLARY ELECTROPHORESIS",1,"1-2"
2010,"CAPILLARY ELECTROPHORESIS",5,"3-5"
2011,"CAPILLARY ELECTROPHORESIS",4,"3-5"
2012,"CAPILLARY ELECTROPHORESIS",6,"6-9"
2013,"CAPILLARY ELECTROPHORESIS",9,"6-9"
2014,"CAPILLARY ELECTROPHORESIS",4,"3-5"
2015,"CAPILLARY ELECTROPHORESIS",10,"10-14"
2016,"CAPILLARY ELECTROPHORESIS",4,"3-5"
2017,"CAPILLARY ELECTROPHORESIS",2,"1-2"
2018,"CAPILLARY ELECTROPHORESIS",6,"6-9"
2019,"CAPILLARY ELECTROPHORESIS",4,"3-5"
2020,"CAPILLARY ELECTROPHORESIS",6,"6-9"
2021,"CAPILLARY ELECTROPHORESIS",2,"1-2"
1995,"CATHINONE",1,"1-2"
2004,"CATHINONE",1,"1-2"
2010,"CATHINONE",3,"3-5"
2011,"CATHINONE",2,"1-2"
2012,"CATHINONE",5,"3-5"
2013,"CATHINONE",8,"6-9"
2014,"CATHINONE",6,"6-9"
2015,"CATHINONE",9,"6-9"
2016,"CATHINONE",5,"3-5"
2017,"CATHINONE",5,"3-5"
2018,"CATHINONE",2,"1-2"
2019,"CATHINONE",4,"3-5"
2020,"CATHINONE",5,"3-5"
2021,"CATHINONE",6,"6-9"
1985,"CAUSE OF DEATH",1,"1-2"
1989,"CAUSE OF DEATH",1,"1-2"
1990,"CAUSE OF DEATH",1,"1-2"
1991,"CAUSE OF DEATH",1,"1-2"
1992,"CAUSE OF DEATH",3,"3-5"
1995,"CAUSE OF DEATH",1,"1-2"
1998,"CAUSE OF DEATH",1,"1-2"
1999,"CAUSE OF DEATH",1,"1-2"
2000,"CAUSE OF DEATH",2,"1-2"
2001,"CAUSE OF DEATH",1,"1-2"
2003,"CAUSE OF DEATH",1,"1-2"
2004,"CAUSE OF DEATH",2,"1-2"
2005,"CAUSE OF DEATH",1,"1-2"
2007,"CAUSE OF DEATH",6,"6-9"
2008,"CAUSE OF DEATH",4,"3-5"
2009,"CAUSE OF DEATH",5,"3-5"
2010,"CAUSE OF DEATH",3,"3-5"
2011,"CAUSE OF DEATH",4,"3-5"
2012,"CAUSE OF DEATH",3,"3-5"
2013,"CAUSE OF DEATH",2,"1-2"
2014,"CAUSE OF DEATH",3,"3-5"
2015,"CAUSE OF DEATH",2,"1-2"
2016,"CAUSE OF DEATH",1,"1-2"
2017,"CAUSE OF DEATH",2,"1-2"
2018,"CAUSE OF DEATH",4,"3-5"
2019,"CAUSE OF DEATH",11,"10-14"
2020,"CAUSE OF DEATH",11,"10-14"
2021,"CAUSE OF DEATH",4,"3-5"
1991,"CHROMATOGRAPHY",4,"3-5"
1992,"CHROMATOGRAPHY",3,"3-5"
1993,"CHROMATOGRAPHY",1,"1-2"
1994,"CHROMATOGRAPHY",6,"6-9"
1995,"CHROMATOGRAPHY",2,"1-2"
1996,"CHROMATOGRAPHY",1,"1-2"
2000,"CHROMATOGRAPHY",1,"1-2"
2001,"CHROMATOGRAPHY",2,"1-2"
2002,"CHROMATOGRAPHY",1,"1-2"
2004,"CHROMATOGRAPHY",1,"1-2"
2006,"CHROMATOGRAPHY",1,"1-2"
2007,"CHROMATOGRAPHY",2,"1-2"
2008,"CHROMATOGRAPHY",1,"1-2"
2009,"CHROMATOGRAPHY",2,"1-2"
2010,"CHROMATOGRAPHY",4,"3-5"
2011,"CHROMATOGRAPHY",3,"3-5"
2012,"CHROMATOGRAPHY",4,"3-5"
2013,"CHROMATOGRAPHY",5,"3-5"
2014,"CHROMATOGRAPHY",1,"1-2"
2015,"CHROMATOGRAPHY",6,"6-9"
2016,"CHROMATOGRAPHY",3,"3-5"
2017,"CHROMATOGRAPHY",3,"3-5"
2018,"CHROMATOGRAPHY",3,"3-5"
2019,"CHROMATOGRAPHY",5,"3-5"
2020,"CHROMATOGRAPHY",3,"3-5"
2021,"CHROMATOGRAPHY",7,"6-9"
1984,"COCAINE AND DERIVATIVES",3,"3-5"
1986,"COCAINE AND DERIVATIVES",2,"1-2"
1989,"COCAINE AND DERIVATIVES",3,"3-5"
1990,"COCAINE AND DERIVATIVES",2,"1-2"
1991,"COCAINE AND DERIVATIVES",7,"6-9"
1992,"COCAINE AND DERIVATIVES",4,"3-5"
1993,"COCAINE AND DERIVATIVES",7,"6-9"
1994,"COCAINE AND DERIVATIVES",3,"3-5"
1995,"COCAINE AND DERIVATIVES",3,"3-5"
1996,"COCAINE AND DERIVATIVES",11,"10-14"
1997,"COCAINE AND DERIVATIVES",9,"6-9"
1998,"COCAINE AND DERIVATIVES",9,"6-9"
1999,"COCAINE AND DERIVATIVES",7,"6-9"
2000,"COCAINE AND DERIVATIVES",9,"6-9"
2001,"COCAINE AND DERIVATIVES",6,"6-9"
2002,"COCAINE AND DERIVATIVES",6,"6-9"
2003,"COCAINE AND DERIVATIVES",7,"6-9"
2004,"COCAINE AND DERIVATIVES",3,"3-5"
2005,"COCAINE AND DERIVATIVES",12,"10-14"
2006,"COCAINE AND DERIVATIVES",11,"10-14"
2007,"COCAINE AND DERIVATIVES",16,"15-19"
2008,"COCAINE AND DERIVATIVES",16,"15-19"
2009,"COCAINE AND DERIVATIVES",13,"10-14"
2010,"COCAINE AND DERIVATIVES",12,"10-14"
2011,"COCAINE AND DERIVATIVES",9,"6-9"
2012,"COCAINE AND DERIVATIVES",13,"10-14"
2013,"COCAINE AND DERIVATIVES",13,"10-14"
2014,"COCAINE AND DERIVATIVES",22,"20-24"
2015,"COCAINE AND DERIVATIVES",14,"10-14"
2016,"COCAINE AND DERIVATIVES",20,"20-24"
2017,"COCAINE AND DERIVATIVES",15,"15-19"
2018,"COCAINE AND DERIVATIVES",14,"10-14"
2019,"COCAINE AND DERIVATIVES",21,"20-24"
2020,"COCAINE AND DERIVATIVES",14,"10-14"
2021,"COCAINE AND DERIVATIVES",14,"10-14"
1990,"DEATH",1,"1-2"
1991,"DEATH",1,"1-2"
1995,"DEATH",2,"1-2"
1996,"DEATH",5,"3-5"
1997,"DEATH",3,"3-5"
1998,"DEATH",6,"6-9"
1999,"DEATH",6,"6-9"
2000,"DEATH",6,"6-9"
2001,"DEATH",5,"3-5"
2002,"DEATH",4,"3-5"
2003,"DEATH",2,"1-2"
2004,"DEATH",6,"6-9"
2005,"DEATH",5,"3-5"
2006,"DEATH",2,"1-2"
2007,"DEATH",6,"6-9"
2008,"DEATH",2,"1-2"
2009,"DEATH",8,"6-9"
2010,"DEATH",7,"6-9"
2011,"DEATH",11,"10-14"
2012,"DEATH",8,"6-9"
2013,"DEATH",8,"6-9"
2014,"DEATH",4,"3-5"
2015,"DEATH",11,"10-14"
2016,"DEATH",5,"3-5"
2017,"DEATH",7,"6-9"
2018,"DEATH",7,"6-9"
2019,"DEATH",9,"6-9"
2020,"DEATH",7,"6-9"
2021,"DEATH",6,"6-9"
1996,"DESIGNER DRUGS",2,"1-2"
1997,"DESIGNER DRUGS",1,"1-2"
1998,"DESIGNER DRUGS",1,"1-2"
2000,"DESIGNER DRUGS",2,"1-2"
2001,"DESIGNER DRUGS",3,"3-5"
2002,"DESIGNER DRUGS",2,"1-2"
2003,"DESIGNER DRUGS",1,"1-2"
2004,"DESIGNER DRUGS",1,"1-2"
2005,"DESIGNER DRUGS",2,"1-2"
2006,"DESIGNER DRUGS",3,"3-5"
2007,"DESIGNER DRUGS",1,"1-2"
2008,"DESIGNER DRUGS",8,"6-9"
2009,"DESIGNER DRUGS",4,"3-5"
2010,"DESIGNER DRUGS",6,"6-9"
2011,"DESIGNER DRUGS",8,"6-9"
2012,"DESIGNER DRUGS",5,"3-5"
2013,"DESIGNER DRUGS",26,"25-29"
2014,"DESIGNER DRUGS",19,"15-19"
2015,"DESIGNER DRUGS",8,"6-9"
2016,"DESIGNER DRUGS",10,"10-14"
2017,"DESIGNER DRUGS",5,"3-5"
2018,"DESIGNER DRUGS",10,"10-14"
2019,"DESIGNER DRUGS",7,"6-9"
2020,"DESIGNER DRUGS",6,"6-9"
2021,"DESIGNER DRUGS",6,"6-9"
1985,"DRIVING UNDER THE INFLUENCE OF DRUGS (DUID)",3,"3-5"
1996,"DRIVING UNDER THE INFLUENCE OF DRUGS (DUID)",1,"1-2"
1998,"DRIVING UNDER THE INFLUENCE OF DRUGS (DUID)",1,"1-2"
2000,"DRIVING UNDER THE INFLUENCE OF DRUGS (DUID)",3,"3-5"
2001,"DRIVING UNDER THE INFLUENCE OF DRUGS (DUID)",3,"3-5"
2002,"DRIVING UNDER THE INFLUENCE OF DRUGS (DUID)",6,"6-9"
2004,"DRIVING UNDER THE INFLUENCE OF DRUGS (DUID)",6,"6-9"
2005,"DRIVING UNDER THE INFLUENCE OF DRUGS (DUID)",10,"10-14"
2006,"DRIVING UNDER THE INFLUENCE OF DRUGS (DUID)",3,"3-5"
2007,"DRIVING UNDER THE INFLUENCE OF DRUGS (DUID)",7,"6-9"
2008,"DRIVING UNDER THE INFLUENCE OF DRUGS (DUID)",4,"3-5"
2009,"DRIVING UNDER THE INFLUENCE OF DRUGS (DUID)",5,"3-5"
2010,"DRIVING UNDER THE INFLUENCE OF DRUGS (DUID)",8,"6-9"
2011,"DRIVING UNDER THE INFLUENCE OF DRUGS (DUID)",6,"6-9"
2012,"DRIVING UNDER THE INFLUENCE OF DRUGS (DUID)",11,"10-14"
2013,"DRIVING UNDER THE INFLUENCE OF DRUGS (DUID)",7,"6-9"
2014,"DRIVING UNDER THE INFLUENCE OF DRUGS (DUID)",4,"3-5"
2015,"DRIVING UNDER THE INFLUENCE OF DRUGS (DUID)",5,"3-5"
2016,"DRIVING UNDER THE INFLUENCE OF DRUGS (DUID)",9,"6-9"
2017,"DRIVING UNDER THE INFLUENCE OF DRUGS (DUID)",3,"3-5"
2018,"DRIVING UNDER THE INFLUENCE OF DRUGS (DUID)",6,"6-9"
2019,"DRIVING UNDER THE INFLUENCE OF DRUGS (DUID)",10,"10-14"
2020,"DRIVING UNDER THE INFLUENCE OF DRUGS (DUID)",6,"6-9"
2021,"DRIVING UNDER THE INFLUENCE OF DRUGS (DUID)",5,"3-5"
1977,"DRUG",1,"1-2"
1978,"DRUG",1,"1-2"
1983,"DRUG",1,"1-2"
1986,"DRUG",2,"1-2"
1989,"DRUG",1,"1-2"
1990,"DRUG",2,"1-2"
1993,"DRUG",2,"1-2"
1994,"DRUG",2,"1-2"
1995,"DRUG",4,"3-5"
1996,"DRUG",4,"3-5"
1997,"DRUG",6,"6-9"
1998,"DRUG",7,"6-9"
1999,"DRUG",16,"15-19"
2000,"DRUG",4,"3-5"
2001,"DRUG",8,"6-9"
2002,"DRUG",11,"10-14"
2003,"DRUG",6,"6-9"
2004,"DRUG",8,"6-9"
2005,"DRUG",14,"10-14"
2006,"DRUG",13,"10-14"
2007,"DRUG",13,"10-14"
2008,"DRUG",12,"10-14"
2009,"DRUG",16,"15-19"
2010,"DRUG",9,"6-9"
2011,"DRUG",18,"15-19"
2012,"DRUG",22,"20-24"
2013,"DRUG",22,"20-24"
2014,"DRUG",14,"10-14"
2015,"DRUG",16,"15-19"
2016,"DRUG",14,"10-14"
2017,"DRUG",11,"10-14"
2018,"DRUG",24,"20-24"
2019,"DRUG",27,"25-29"
2020,"DRUG",17,"15-19"
2021,"DRUG",17,"15-19"
2000,"DRUG-FACILITATED SEXUAL ASSAULT (DFSA)",3,"3-5"
2001,"DRUG-FACILITATED SEXUAL ASSAULT (DFSA)",2,"1-2"
2002,"DRUG-FACILITATED SEXUAL ASSAULT (DFSA)",1,"1-2"
2003,"DRUG-FACILITATED SEXUAL ASSAULT (DFSA)",2,"1-2"
2004,"DRUG-FACILITATED SEXUAL ASSAULT (DFSA)",3,"3-5"
2005,"DRUG-FACILITATED SEXUAL ASSAULT (DFSA)",6,"6-9"
2006,"DRUG-FACILITATED SEXUAL ASSAULT (DFSA)",4,"3-5"
2007,"DRUG-FACILITATED SEXUAL ASSAULT (DFSA)",5,"3-5"
2008,"DRUG-FACILITATED SEXUAL ASSAULT (DFSA)",5,"3-5"
2009,"DRUG-FACILITATED SEXUAL ASSAULT (DFSA)",3,"3-5"
2010,"DRUG-FACILITATED SEXUAL ASSAULT (DFSA)",2,"1-2"
2011,"DRUG-FACILITATED SEXUAL ASSAULT (DFSA)",1,"1-2"
2012,"DRUG-FACILITATED SEXUAL ASSAULT (DFSA)",5,"3-5"
2013,"DRUG-FACILITATED SEXUAL ASSAULT (DFSA)",5,"3-5"
2014,"DRUG-FACILITATED SEXUAL ASSAULT (DFSA)",3,"3-5"
2015,"DRUG-FACILITATED SEXUAL ASSAULT (DFSA)",4,"3-5"
2016,"DRUG-FACILITATED SEXUAL ASSAULT (DFSA)",5,"3-5"
2017,"DRUG-FACILITATED SEXUAL ASSAULT (DFSA)",5,"3-5"
2018,"DRUG-FACILITATED SEXUAL ASSAULT (DFSA)",3,"3-5"
2019,"DRUG-FACILITATED SEXUAL ASSAULT (DFSA)",6,"6-9"
2020,"DRUG-FACILITATED SEXUAL ASSAULT (DFSA)",2,"1-2"
2021,"DRUG-FACILITATED SEXUAL ASSAULT (DFSA)",6,"6-9"
1983,"DRUG ANALYSIS",2,"1-2"
1985,"DRUG ANALYSIS",1,"1-2"
1990,"DRUG ANALYSIS",1,"1-2"
1993,"DRUG ANALYSIS",2,"1-2"
1996,"DRUG ANALYSIS",1,"1-2"
1997,"DRUG ANALYSIS",1,"1-2"
1998,"DRUG ANALYSIS",1,"1-2"
1999,"DRUG ANALYSIS",2,"1-2"
2000,"DRUG ANALYSIS",3,"3-5"
2001,"DRUG ANALYSIS",4,"3-5"
2002,"DRUG ANALYSIS",2,"1-2"
2003,"DRUG ANALYSIS",2,"1-2"
2004,"DRUG ANALYSIS",1,"1-2"
2005,"DRUG ANALYSIS",2,"1-2"
2006,"DRUG ANALYSIS",1,"1-2"
2007,"DRUG ANALYSIS",5,"3-5"
2009,"DRUG ANALYSIS",1,"1-2"
2010,"DRUG ANALYSIS",2,"1-2"
2011,"DRUG ANALYSIS",4,"3-5"
2012,"DRUG ANALYSIS",1,"1-2"
2013,"DRUG ANALYSIS",4,"3-5"
2014,"DRUG ANALYSIS",3,"3-5"
2015,"DRUG ANALYSIS",1,"1-2"
2016,"DRUG ANALYSIS",4,"3-5"
2017,"DRUG ANALYSIS",1,"1-2"
2018,"DRUG ANALYSIS",6,"6-9"
2019,"DRUG ANALYSIS",5,"3-5"
2020,"DRUG ANALYSIS",6,"6-9"
2021,"DRUG ANALYSIS",4,"3-5"
1992,"DRUG OF ABUSE",1,"1-2"
1993,"DRUG OF ABUSE",3,"3-5"
1995,"DRUG OF ABUSE",2,"1-2"
1996,"DRUG OF ABUSE",4,"3-5"
1997,"DRUG OF ABUSE",6,"6-9"
1998,"DRUG OF ABUSE",8,"6-9"
1999,"DRUG OF ABUSE",2,"1-2"
2000,"DRUG OF ABUSE",7,"6-9"
2001,"DRUG OF ABUSE",1,"1-2"
2002,"DRUG OF ABUSE",5,"3-5"
2003,"DRUG OF ABUSE",5,"3-5"
2004,"DRUG OF ABUSE",6,"6-9"
2005,"DRUG OF ABUSE",10,"10-14"
2006,"DRUG OF ABUSE",16,"15-19"
2007,"DRUG OF ABUSE",14,"10-14"
2008,"DRUG OF ABUSE",14,"10-14"
2009,"DRUG OF ABUSE",9,"6-9"
2010,"DRUG OF ABUSE",11,"10-14"
2011,"DRUG OF ABUSE",16,"15-19"
2012,"DRUG OF ABUSE",18,"15-19"
2013,"DRUG OF ABUSE",8,"6-9"
2014,"DRUG OF ABUSE",12,"10-14"
2015,"DRUG OF ABUSE",11,"10-14"
2016,"DRUG OF ABUSE",9,"6-9"
2017,"DRUG OF ABUSE",15,"15-19"
2018,"DRUG OF ABUSE",14,"10-14"
2019,"DRUG OF ABUSE",18,"15-19"
2020,"DRUG OF ABUSE",17,"15-19"
2021,"DRUG OF ABUSE",12,"10-14"
1983,"DRUG SCREENING",1,"1-2"
1984,"DRUG SCREENING",1,"1-2"
1985,"DRUG SCREENING",1,"1-2"
1986,"DRUG SCREENING",1,"1-2"
1991,"DRUG SCREENING",1,"1-2"
1995,"DRUG SCREENING",1,"1-2"
1996,"DRUG SCREENING",2,"1-2"
1997,"DRUG SCREENING",1,"1-2"
1998,"DRUG SCREENING",3,"3-5"
1999,"DRUG SCREENING",2,"1-2"
2000,"DRUG SCREENING",2,"1-2"
2001,"DRUG SCREENING",1,"1-2"
2004,"DRUG SCREENING",1,"1-2"
2005,"DRUG SCREENING",4,"3-5"
2006,"DRUG SCREENING",4,"3-5"
2007,"DRUG SCREENING",1,"1-2"
2008,"DRUG SCREENING",3,"3-5"
2009,"DRUG SCREENING",3,"3-5"
2010,"DRUG SCREENING",3,"3-5"
2012,"DRUG SCREENING",3,"3-5"
2013,"DRUG SCREENING",4,"3-5"
2014,"DRUG SCREENING",2,"1-2"
2015,"DRUG SCREENING",3,"3-5"
2016,"DRUG SCREENING",2,"1-2"
2017,"DRUG SCREENING",5,"3-5"
2019,"DRUG SCREENING",5,"3-5"
2020,"DRUG SCREENING",1,"1-2"
2021,"DRUG SCREENING",3,"3-5"
1985,"DRUG USE",1,"1-2"
1989,"DRUG USE",1,"1-2"
1998,"DRUG USE",1,"1-2"
2000,"DRUG USE",1,"1-2"
2002,"DRUG USE",1,"1-2"
2004,"DRUG USE",1,"1-2"
2005,"DRUG USE",2,"1-2"
2006,"DRUG USE",1,"1-2"
2007,"DRUG USE",4,"3-5"
2008,"DRUG USE",3,"3-5"
2010,"DRUG USE",2,"1-2"
2011,"DRUG USE",4,"3-5"
2012,"DRUG USE",4,"3-5"
2013,"DRUG USE",2,"1-2"
2014,"DRUG USE",5,"3-5"
2016,"DRUG USE",2,"1-2"
2017,"DRUG USE",4,"3-5"
2018,"DRUG USE",7,"6-9"
2019,"DRUG USE",7,"6-9"
2020,"DRUG USE",4,"3-5"
2021,"DRUG USE",8,"6-9"
1981,"EPIDEMIOLOGY",1,"1-2"
1984,"EPIDEMIOLOGY",1,"1-2"
1991,"EPIDEMIOLOGY",1,"1-2"
1992,"EPIDEMIOLOGY",1,"1-2"
1993,"EPIDEMIOLOGY",2,"1-2"
1995,"EPIDEMIOLOGY",1,"1-2"
1996,"EPIDEMIOLOGY",3,"3-5"
1997,"EPIDEMIOLOGY",1,"1-2"
1998,"EPIDEMIOLOGY",1,"1-2"
1999,"EPIDEMIOLOGY",1,"1-2"
2000,"EPIDEMIOLOGY",3,"3-5"
2002,"EPIDEMIOLOGY",1,"1-2"
2003,"EPIDEMIOLOGY",1,"1-2"
2004,"EPIDEMIOLOGY",3,"3-5"
2005,"EPIDEMIOLOGY",3,"3-5"
2006,"EPIDEMIOLOGY",1,"1-2"
2007,"EPIDEMIOLOGY",1,"1-2"
2008,"EPIDEMIOLOGY",4,"3-5"
2009,"EPIDEMIOLOGY",1,"1-2"
2010,"EPIDEMIOLOGY",2,"1-2"
2011,"EPIDEMIOLOGY",4,"3-5"
2012,"EPIDEMIOLOGY",6,"6-9"
2014,"EPIDEMIOLOGY",9,"6-9"
2015,"EPIDEMIOLOGY",2,"1-2"
2016,"EPIDEMIOLOGY",2,"1-2"
2017,"EPIDEMIOLOGY",6,"6-9"
2018,"EPIDEMIOLOGY",4,"3-5"
2019,"EPIDEMIOLOGY",8,"6-9"
2020,"EPIDEMIOLOGY",6,"6-9"
2021,"EPIDEMIOLOGY",4,"3-5"
1983,"ETHANOL",1,"1-2"
1990,"ETHANOL",3,"3-5"
1992,"ETHANOL",2,"1-2"
1993,"ETHANOL",2,"1-2"
1994,"ETHANOL",1,"1-2"
1995,"ETHANOL",2,"1-2"
1996,"ETHANOL",2,"1-2"
1997,"ETHANOL",1,"1-2"
2000,"ETHANOL",2,"1-2"
2001,"ETHANOL",3,"3-5"
2002,"ETHANOL",5,"3-5"
2003,"ETHANOL",3,"3-5"
2005,"ETHANOL",5,"3-5"
2006,"ETHANOL",2,"1-2"
2007,"ETHANOL",6,"6-9"
2008,"ETHANOL",5,"3-5"
2009,"ETHANOL",4,"3-5"
2010,"ETHANOL",6,"6-9"
2011,"ETHANOL",7,"6-9"
2012,"ETHANOL",3,"3-5"
2013,"ETHANOL",6,"6-9"
2014,"ETHANOL",10,"10-14"
2015,"ETHANOL",7,"6-9"
2016,"ETHANOL",3,"3-5"
2017,"ETHANOL",5,"3-5"
2018,"ETHANOL",5,"3-5"
2019,"ETHANOL",4,"3-5"
2020,"ETHANOL",4,"3-5"
2021,"ETHANOL",4,"3-5"
1997,"ETHYL GLUCURONIDE",1,"1-2"
2002,"ETHYL GLUCURONIDE",4,"3-5"
2003,"ETHYL GLUCURONIDE",4,"3-5"
2005,"ETHYL GLUCURONIDE",2,"1-2"
2006,"ETHYL GLUCURONIDE",2,"1-2"
2007,"ETHYL GLUCURONIDE",3,"3-5"
2008,"ETHYL GLUCURONIDE",9,"6-9"
2010,"ETHYL GLUCURONIDE",5,"3-5"
2011,"ETHYL GLUCURONIDE",1,"1-2"
2012,"ETHYL GLUCURONIDE",4,"3-5"
2013,"ETHYL GLUCURONIDE",3,"3-5"
2014,"ETHYL GLUCURONIDE",7,"6-9"
2015,"ETHYL GLUCURONIDE",2,"1-2"
2016,"ETHYL GLUCURONIDE",5,"3-5"
2017,"ETHYL GLUCURONIDE",4,"3-5"
2018,"ETHYL GLUCURONIDE",2,"1-2"
2019,"ETHYL GLUCURONIDE",1,"1-2"
2020,"ETHYL GLUCURONIDE",2,"1-2"
2021,"ETHYL GLUCURONIDE",1,"1-2"
1983,"EXPLOSIVE",1,"1-2"
1986,"EXPLOSIVE",1,"1-2"
1996,"EXPLOSIVE",2,"1-2"
1998,"EXPLOSIVE",1,"1-2"
1999,"EXPLOSIVE",1,"1-2"
2001,"EXPLOSIVE",1,"1-2"
2002,"EXPLOSIVE",1,"1-2"
2003,"EXPLOSIVE",2,"1-2"
2004,"EXPLOSIVE",5,"3-5"
2005,"EXPLOSIVE",1,"1-2"
2006,"EXPLOSIVE",6,"6-9"
2007,"EXPLOSIVE",1,"1-2"
2008,"EXPLOSIVE",1,"1-2"
2009,"EXPLOSIVE",6,"6-9"
2010,"EXPLOSIVE",1,"1-2"
2011,"EXPLOSIVE",2,"1-2"
2012,"EXPLOSIVE",6,"6-9"
2013,"EXPLOSIVE",6,"6-9"
2014,"EXPLOSIVE",6,"6-9"
2015,"EXPLOSIVE",7,"6-9"
2016,"EXPLOSIVE",1,"1-2"
2017,"EXPLOSIVE",3,"3-5"
2018,"EXPLOSIVE",5,"3-5"
2019,"EXPLOSIVE",6,"6-9"
2020,"EXPLOSIVE",3,"3-5"
2021,"EXPLOSIVE",5,"3-5"
1987,"FATALITY",1,"1-2"
1988,"FATALITY",1,"1-2"
1991,"FATALITY",1,"1-2"
1993,"FATALITY",1,"1-2"
1994,"FATALITY",1,"1-2"
1996,"FATALITY",3,"3-5"
1997,"FATALITY",4,"3-5"
1998,"FATALITY",1,"1-2"
1999,"FATALITY",3,"3-5"
2000,"FATALITY",1,"1-2"
2001,"FATALITY",4,"3-5"
2002,"FATALITY",4,"3-5"
2003,"FATALITY",2,"1-2"
2004,"FATALITY",5,"3-5"
2005,"FATALITY",4,"3-5"
2006,"FATALITY",3,"3-5"
2007,"FATALITY",6,"6-9"
2008,"FATALITY",3,"3-5"
2009,"FATALITY",10,"10-14"
2010,"FATALITY",4,"3-5"
2011,"FATALITY",4,"3-5"
2012,"FATALITY",4,"3-5"
2013,"FATALITY",8,"6-9"
2014,"FATALITY",2,"1-2"
2015,"FATALITY",14,"10-14"
2016,"FATALITY",7,"6-9"
2017,"FATALITY",4,"3-5"
2018,"FATALITY",1,"1-2"
2019,"FATALITY",5,"3-5"
2020,"FATALITY",4,"3-5"
2021,"FATALITY",2,"1-2"
1991,"FENTANYL AND DERIVATIVES",1,"1-2"
1995,"FENTANYL AND DERIVATIVES",1,"1-2"
1996,"FENTANYL AND DERIVATIVES",1,"1-2"
1997,"FENTANYL AND DERIVATIVES",2,"1-2"
2000,"FENTANYL AND DERIVATIVES",1,"1-2"
2004,"FENTANYL AND DERIVATIVES",2,"1-2"
2005,"FENTANYL AND DERIVATIVES",3,"3-5"
2007,"FENTANYL AND DERIVATIVES",4,"3-5"
2008,"FENTANYL AND DERIVATIVES",4,"3-5"
2009,"FENTANYL AND DERIVATIVES",3,"3-5"
2010,"FENTANYL AND DERIVATIVES",5,"3-5"
2011,"FENTANYL AND DERIVATIVES",2,"1-2"
2012,"FENTANYL AND DERIVATIVES",3,"3-5"
2013,"FENTANYL AND DERIVATIVES",4,"3-5"
2014,"FENTANYL AND DERIVATIVES",3,"3-5"
2015,"FENTANYL AND DERIVATIVES",3,"3-5"
2016,"FENTANYL AND DERIVATIVES",4,"3-5"
2017,"FENTANYL AND DERIVATIVES",10,"10-14"
2018,"FENTANYL AND DERIVATIVES",13,"10-14"
2019,"FENTANYL AND DERIVATIVES",23,"20-24"
2020,"FENTANYL AND DERIVATIVES",9,"6-9"
2021,"FENTANYL AND DERIVATIVES",20,"20-24"
1983,"FINGERPRINT",1,"1-2"
1992,"FINGERPRINT",1,"1-2"
1995,"FINGERPRINT",2,"1-2"
2000,"FINGERPRINT",2,"1-2"
2002,"FINGERPRINT",1,"1-2"
2005,"FINGERPRINT",2,"1-2"
2006,"FINGERPRINT",3,"3-5"
2007,"FINGERPRINT",3,"3-5"
2009,"FINGERPRINT",1,"1-2"
2010,"FINGERPRINT",2,"1-2"
2011,"FINGERPRINT",6,"6-9"
2012,"FINGERPRINT",1,"1-2"
2013,"FINGERPRINT",8,"6-9"
2014,"FINGERPRINT",8,"6-9"
2015,"FINGERPRINT",5,"3-5"
2016,"FINGERPRINT",3,"3-5"
2017,"FINGERPRINT",1,"1-2"
2018,"FINGERPRINT",5,"3-5"
2019,"FINGERPRINT",5,"3-5"
2020,"FINGERPRINT",6,"6-9"
2021,"FINGERPRINT",6,"6-9"
1989,"FORENSIC",1,"1-2"
1990,"FORENSIC",1,"1-2"
1991,"FORENSIC",1,"1-2"
1994,"FORENSIC",1,"1-2"
1995,"FORENSIC",2,"1-2"
1997,"FORENSIC",2,"1-2"
1998,"FORENSIC",3,"3-5"
1999,"FORENSIC",1,"1-2"
2000,"FORENSIC",4,"3-5"
2001,"FORENSIC",6,"6-9"
2002,"FORENSIC",8,"6-9"
2003,"FORENSIC",6,"6-9"
2004,"FORENSIC",3,"3-5"
2005,"FORENSIC",9,"6-9"
2006,"FORENSIC",15,"15-19"
2007,"FORENSIC",8,"6-9"
2008,"FORENSIC",14,"10-14"
2009,"FORENSIC",10,"10-14"
2010,"FORENSIC",15,"15-19"
2011,"FORENSIC",20,"20-24"
2012,"FORENSIC",22,"20-24"
2013,"FORENSIC",29,"25-29"
2014,"FORENSIC",25,"25-29"
2015,"FORENSIC",25,"25-29"
2016,"FORENSIC",17,"15-19"
2017,"FORENSIC",25,"25-29"
2018,"FORENSIC",23,"20-24"
2019,"FORENSIC",40,"40-49"
2020,"FORENSIC",33,"30-39"
2021,"FORENSIC",43,"40-49"
1982,"FORENSIC ANALYSIS",1,"1-2"
1983,"FORENSIC ANALYSIS",2,"1-2"
1986,"FORENSIC ANALYSIS",1,"1-2"
1992,"FORENSIC ANALYSIS",1,"1-2"
1993,"FORENSIC ANALYSIS",1,"1-2"
1994,"FORENSIC ANALYSIS",2,"1-2"
1996,"FORENSIC ANALYSIS",5,"3-5"
1997,"FORENSIC ANALYSIS",6,"6-9"
1998,"FORENSIC ANALYSIS",3,"3-5"
1999,"FORENSIC ANALYSIS",3,"3-5"
2000,"FORENSIC ANALYSIS",5,"3-5"
2001,"FORENSIC ANALYSIS",3,"3-5"
2002,"FORENSIC ANALYSIS",5,"3-5"
2003,"FORENSIC ANALYSIS",4,"3-5"
2004,"FORENSIC ANALYSIS",3,"3-5"
2005,"FORENSIC ANALYSIS",4,"3-5"
2006,"FORENSIC ANALYSIS",2,"1-2"
2007,"FORENSIC ANALYSIS",4,"3-5"
2008,"FORENSIC ANALYSIS",3,"3-5"
2009,"FORENSIC ANALYSIS",5,"3-5"
2010,"FORENSIC ANALYSIS",3,"3-5"
2011,"FORENSIC ANALYSIS",4,"3-5"
2012,"FORENSIC ANALYSIS",4,"3-5"
2013,"FORENSIC ANALYSIS",7,"6-9"
2014,"FORENSIC ANALYSIS",6,"6-9"
2015,"FORENSIC ANALYSIS",2,"1-2"
2016,"FORENSIC ANALYSIS",5,"3-5"
2017,"FORENSIC ANALYSIS",4,"3-5"
2018,"FORENSIC ANALYSIS",10,"10-14"
2019,"FORENSIC ANALYSIS",8,"6-9"
2020,"FORENSIC ANALYSIS",7,"6-9"
2021,"FORENSIC ANALYSIS",18,"15-19"
1990,"FORENSIC AUTOPSY",1,"1-2"
1995,"FORENSIC AUTOPSY",1,"1-2"
1996,"FORENSIC AUTOPSY",1,"1-2"
2000,"FORENSIC AUTOPSY",1,"1-2"
2003,"FORENSIC AUTOPSY",1,"1-2"
2004,"FORENSIC AUTOPSY",2,"1-2"
2006,"FORENSIC AUTOPSY",1,"1-2"
2007,"FORENSIC AUTOPSY",1,"1-2"
2008,"FORENSIC AUTOPSY",1,"1-2"
2009,"FORENSIC AUTOPSY",2,"1-2"
2010,"FORENSIC AUTOPSY",1,"1-2"
2011,"FORENSIC AUTOPSY",6,"6-9"
2012,"FORENSIC AUTOPSY",9,"6-9"
2013,"FORENSIC AUTOPSY",2,"1-2"
2014,"FORENSIC AUTOPSY",3,"3-5"
2015,"FORENSIC AUTOPSY",5,"3-5"
2016,"FORENSIC AUTOPSY",3,"3-5"
2017,"FORENSIC AUTOPSY",3,"3-5"
2018,"FORENSIC AUTOPSY",2,"1-2"
2019,"FORENSIC AUTOPSY",6,"6-9"
2020,"FORENSIC AUTOPSY",3,"3-5"
2021,"FORENSIC AUTOPSY",2,"1-2"
1971,"FORENSIC CHEMISTRY",1,"1-2"
1985,"FORENSIC CHEMISTRY",1,"1-2"
1986,"FORENSIC CHEMISTRY",2,"1-2"
1988,"FORENSIC CHEMISTRY",1,"1-2"
1995,"FORENSIC CHEMISTRY",1,"1-2"
1996,"FORENSIC CHEMISTRY",1,"1-2"
2003,"FORENSIC CHEMISTRY",1,"1-2"
2004,"FORENSIC CHEMISTRY",1,"1-2"
2005,"FORENSIC CHEMISTRY",1,"1-2"
2006,"FORENSIC CHEMISTRY",4,"3-5"
2007,"FORENSIC CHEMISTRY",1,"1-2"
2009,"FORENSIC CHEMISTRY",4,"3-5"
2010,"FORENSIC CHEMISTRY",2,"1-2"
2011,"FORENSIC CHEMISTRY",4,"3-5"
2012,"FORENSIC CHEMISTRY",8,"6-9"
2013,"FORENSIC CHEMISTRY",6,"6-9"
2014,"FORENSIC CHEMISTRY",1,"1-2"
2015,"FORENSIC CHEMISTRY",4,"3-5"
2016,"FORENSIC CHEMISTRY",6,"6-9"
2017,"FORENSIC CHEMISTRY",12,"10-14"
2018,"FORENSIC CHEMISTRY",11,"10-14"
2019,"FORENSIC CHEMISTRY",10,"10-14"
2020,"FORENSIC CHEMISTRY",13,"10-14"
2021,"FORENSIC CHEMISTRY",11,"10-14"
1997,"FORENSIC ENTOMOLOGY",1,"1-2"
1998,"FORENSIC ENTOMOLOGY",1,"1-2"
1999,"FORENSIC ENTOMOLOGY",2,"1-2"
2001,"FORENSIC ENTOMOLOGY",4,"3-5"
2004,"FORENSIC ENTOMOLOGY",4,"3-5"
2006,"FORENSIC ENTOMOLOGY",1,"1-2"
2008,"FORENSIC ENTOMOLOGY",1,"1-2"
2009,"FORENSIC ENTOMOLOGY",2,"1-2"
2010,"FORENSIC ENTOMOLOGY",3,"3-5"
2011,"FORENSIC ENTOMOLOGY",4,"3-5"
2012,"FORENSIC ENTOMOLOGY",3,"3-5"
2013,"FORENSIC ENTOMOLOGY",5,"3-5"
2014,"FORENSIC ENTOMOLOGY",9,"6-9"
2015,"FORENSIC ENTOMOLOGY",4,"3-5"
2016,"FORENSIC ENTOMOLOGY",7,"6-9"
2017,"FORENSIC ENTOMOLOGY",2,"1-2"
2018,"FORENSIC ENTOMOLOGY",2,"1-2"
2019,"FORENSIC ENTOMOLOGY",1,"1-2"
2020,"FORENSIC ENTOMOLOGY",5,"3-5"
2021,"FORENSIC ENTOMOLOGY",4,"3-5"
1964,"FORENSIC MEDICINE",1,"1-2"
1986,"FORENSIC MEDICINE",1,"1-2"
1989,"FORENSIC MEDICINE",1,"1-2"
1992,"FORENSIC MEDICINE",1,"1-2"
1995,"FORENSIC MEDICINE",1,"1-2"
1996,"FORENSIC MEDICINE",6,"6-9"
1997,"FORENSIC MEDICINE",3,"3-5"
1998,"FORENSIC MEDICINE",3,"3-5"
1999,"FORENSIC MEDICINE",3,"3-5"
2000,"FORENSIC MEDICINE",4,"3-5"
2001,"FORENSIC MEDICINE",4,"3-5"
2003,"FORENSIC MEDICINE",4,"3-5"
2004,"FORENSIC MEDICINE",4,"3-5"
2005,"FORENSIC MEDICINE",4,"3-5"
2006,"FORENSIC MEDICINE",4,"3-5"
2007,"FORENSIC MEDICINE",7,"6-9"
2008,"FORENSIC MEDICINE",4,"3-5"
2009,"FORENSIC MEDICINE",3,"3-5"
2010,"FORENSIC MEDICINE",6,"6-9"
2011,"FORENSIC MEDICINE",7,"6-9"
2012,"FORENSIC MEDICINE",5,"3-5"
2013,"FORENSIC MEDICINE",5,"3-5"
2014,"FORENSIC MEDICINE",16,"15-19"
2015,"FORENSIC MEDICINE",8,"6-9"
2016,"FORENSIC MEDICINE",8,"6-9"
2017,"FORENSIC MEDICINE",9,"6-9"
2018,"FORENSIC MEDICINE",9,"6-9"
2019,"FORENSIC MEDICINE",12,"10-14"
2020,"FORENSIC MEDICINE",13,"10-14"
2021,"FORENSIC MEDICINE",15,"15-19"
1984,"FORENSIC PATHOLOGY",1,"1-2"
1993,"FORENSIC PATHOLOGY",1,"1-2"
1996,"FORENSIC PATHOLOGY",8,"6-9"
1997,"FORENSIC PATHOLOGY",2,"1-2"
1998,"FORENSIC PATHOLOGY",9,"6-9"
1999,"FORENSIC PATHOLOGY",6,"6-9"
2000,"FORENSIC PATHOLOGY",4,"3-5"
2001,"FORENSIC PATHOLOGY",6,"6-9"
2002,"FORENSIC PATHOLOGY",5,"3-5"
2003,"FORENSIC PATHOLOGY",11,"10-14"
2004,"FORENSIC PATHOLOGY",2,"1-2"
2005,"FORENSIC PATHOLOGY",6,"6-9"
2006,"FORENSIC PATHOLOGY",6,"6-9"
2007,"FORENSIC PATHOLOGY",14,"10-14"
2008,"FORENSIC PATHOLOGY",6,"6-9"
2009,"FORENSIC PATHOLOGY",13,"10-14"
2010,"FORENSIC PATHOLOGY",13,"10-14"
2011,"FORENSIC PATHOLOGY",21,"20-24"
2012,"FORENSIC PATHOLOGY",25,"25-29"
2013,"FORENSIC PATHOLOGY",19,"15-19"
2014,"FORENSIC PATHOLOGY",32,"30-39"
2015,"FORENSIC PATHOLOGY",32,"30-39"
2016,"FORENSIC PATHOLOGY",23,"20-24"
2017,"FORENSIC PATHOLOGY",37,"30-39"
2018,"FORENSIC PATHOLOGY",19,"15-19"
2019,"FORENSIC PATHOLOGY",28,"25-29"
2020,"FORENSIC PATHOLOGY",22,"20-24"
2021,"FORENSIC PATHOLOGY",30,"30-39"
1990,"FORENSIC PSYCHIATRY",1,"1-2"
1991,"FORENSIC PSYCHIATRY",1,"1-2"
1995,"FORENSIC PSYCHIATRY",1,"1-2"
1996,"FORENSIC PSYCHIATRY",3,"3-5"
1997,"FORENSIC PSYCHIATRY",2,"1-2"
1998,"FORENSIC PSYCHIATRY",5,"3-5"
1999,"FORENSIC PSYCHIATRY",4,"3-5"
2000,"FORENSIC PSYCHIATRY",4,"3-5"
2001,"FORENSIC PSYCHIATRY",6,"6-9"
2002,"FORENSIC PSYCHIATRY",3,"3-5"
2003,"FORENSIC PSYCHIATRY",4,"3-5"
2004,"FORENSIC PSYCHIATRY",2,"1-2"
2005,"FORENSIC PSYCHIATRY",3,"3-5"
2006,"FORENSIC PSYCHIATRY",4,"3-5"
2007,"FORENSIC PSYCHIATRY",2,"1-2"
2008,"FORENSIC PSYCHIATRY",7,"6-9"
2009,"FORENSIC PSYCHIATRY",19,"15-19"
2010,"FORENSIC PSYCHIATRY",5,"3-5"
2011,"FORENSIC PSYCHIATRY",10,"10-14"
2012,"FORENSIC PSYCHIATRY",4,"3-5"
2013,"FORENSIC PSYCHIATRY",4,"3-5"
2014,"FORENSIC PSYCHIATRY",4,"3-5"
2015,"FORENSIC PSYCHIATRY",5,"3-5"
2016,"FORENSIC PSYCHIATRY",7,"6-9"
2017,"FORENSIC PSYCHIATRY",15,"15-19"
2018,"FORENSIC PSYCHIATRY",17,"15-19"
2019,"FORENSIC PSYCHIATRY",11,"10-14"
2020,"FORENSIC PSYCHIATRY",17,"15-19"
2021,"FORENSIC PSYCHIATRY",14,"10-14"
1990,"FORENSIC SCIENCE",1,"1-2"
1991,"FORENSIC SCIENCE",1,"1-2"
1992,"FORENSIC SCIENCE",1,"1-2"
1993,"FORENSIC SCIENCE",3,"3-5"
1994,"FORENSIC SCIENCE",7,"6-9"
1995,"FORENSIC SCIENCE",10,"10-14"
1996,"FORENSIC SCIENCE",49,"40-49"
1997,"FORENSIC SCIENCE",44,"40-49"
1998,"FORENSIC SCIENCE",57,">49"
1999,"FORENSIC SCIENCE",46,"40-49"
2000,"FORENSIC SCIENCE",52,">49"
2001,"FORENSIC SCIENCE",58,">49"
2002,"FORENSIC SCIENCE",47,"40-49"
2003,"FORENSIC SCIENCE",47,"40-49"
2004,"FORENSIC SCIENCE",51,">49"
2005,"FORENSIC SCIENCE",46,"40-49"
2006,"FORENSIC SCIENCE",39,"30-39"
2007,"FORENSIC SCIENCE",55,">49"
2008,"FORENSIC SCIENCE",37,"30-39"
2009,"FORENSIC SCIENCE",44,"40-49"
2010,"FORENSIC SCIENCE",38,"30-39"
2011,"FORENSIC SCIENCE",58,">49"
2012,"FORENSIC SCIENCE",63,">49"
2013,"FORENSIC SCIENCE",63,">49"
2014,"FORENSIC SCIENCE",52,">49"
2015,"FORENSIC SCIENCE",59,">49"
2016,"FORENSIC SCIENCE",62,">49"
2017,"FORENSIC SCIENCE",52,">49"
2018,"FORENSIC SCIENCE",68,">49"
2019,"FORENSIC SCIENCE",76,">49"
2020,"FORENSIC SCIENCE",51,">49"
2021,"FORENSIC SCIENCE",42,"40-49"
1983,"FORENSIC TOXICOLOGY",2,"1-2"
1986,"FORENSIC TOXICOLOGY",1,"1-2"
1988,"FORENSIC TOXICOLOGY",1,"1-2"
1990,"FORENSIC TOXICOLOGY",2,"1-2"
1991,"FORENSIC TOXICOLOGY",1,"1-2"
1993,"FORENSIC TOXICOLOGY",4,"3-5"
1994,"FORENSIC TOXICOLOGY",1,"1-2"
1995,"FORENSIC TOXICOLOGY",4,"3-5"
1996,"FORENSIC TOXICOLOGY",20,"20-24"
1997,"FORENSIC TOXICOLOGY",31,"30-39"
1998,"FORENSIC TOXICOLOGY",26,"25-29"
1999,"FORENSIC TOXICOLOGY",24,"20-24"
2000,"FORENSIC TOXICOLOGY",27,"25-29"
2001,"FORENSIC TOXICOLOGY",16,"15-19"
2002,"FORENSIC TOXICOLOGY",13,"10-14"
2003,"FORENSIC TOXICOLOGY",21,"20-24"
2004,"FORENSIC TOXICOLOGY",14,"10-14"
2005,"FORENSIC TOXICOLOGY",12,"10-14"
2006,"FORENSIC TOXICOLOGY",8,"6-9"
2007,"FORENSIC TOXICOLOGY",23,"20-24"
2008,"FORENSIC TOXICOLOGY",20,"20-24"
2009,"FORENSIC TOXICOLOGY",36,"30-39"
2010,"FORENSIC TOXICOLOGY",34,"30-39"
2011,"FORENSIC TOXICOLOGY",29,"25-29"
2012,"FORENSIC TOXICOLOGY",55,">49"
2013,"FORENSIC TOXICOLOGY",44,"40-49"
2014,"FORENSIC TOXICOLOGY",66,">49"
2015,"FORENSIC TOXICOLOGY",44,"40-49"
2016,"FORENSIC TOXICOLOGY",49,"40-49"
2017,"FORENSIC TOXICOLOGY",48,"40-49"
2018,"FORENSIC TOXICOLOGY",39,"30-39"
2019,"FORENSIC TOXICOLOGY",67,">49"
2020,"FORENSIC TOXICOLOGY",60,">49"
2021,"FORENSIC TOXICOLOGY",79,">49"
1998,"GAMMA-HYDROXYBUTYRIC ACID (GHB)",1,"1-2"
2000,"GAMMA-HYDROXYBUTYRIC ACID (GHB)",2,"1-2"
2001,"GAMMA-HYDROXYBUTYRIC ACID (GHB)",8,"6-9"
2002,"GAMMA-HYDROXYBUTYRIC ACID (GHB)",4,"3-5"
2003,"GAMMA-HYDROXYBUTYRIC ACID (GHB)",2,"1-2"
2004,"GAMMA-HYDROXYBUTYRIC ACID (GHB)",6,"6-9"
2005,"GAMMA-HYDROXYBUTYRIC ACID (GHB)",3,"3-5"
2006,"GAMMA-HYDROXYBUTYRIC ACID (GHB)",3,"3-5"
2007,"GAMMA-HYDROXYBUTYRIC ACID (GHB)",3,"3-5"
2008,"GAMMA-HYDROXYBUTYRIC ACID (GHB)",3,"3-5"
2009,"GAMMA-HYDROXYBUTYRIC ACID (GHB)",3,"3-5"
2010,"GAMMA-HYDROXYBUTYRIC ACID (GHB)",2,"1-2"
2011,"GAMMA-HYDROXYBUTYRIC ACID (GHB)",4,"3-5"
2012,"GAMMA-HYDROXYBUTYRIC ACID (GHB)",5,"3-5"
2013,"GAMMA-HYDROXYBUTYRIC ACID (GHB)",1,"1-2"
2014,"GAMMA-HYDROXYBUTYRIC ACID (GHB)",2,"1-2"
2015,"GAMMA-HYDROXYBUTYRIC ACID (GHB)",2,"1-2"
2016,"GAMMA-HYDROXYBUTYRIC ACID (GHB)",8,"6-9"
2017,"GAMMA-HYDROXYBUTYRIC ACID (GHB)",5,"3-5"
2018,"GAMMA-HYDROXYBUTYRIC ACID (GHB)",6,"6-9"
2019,"GAMMA-HYDROXYBUTYRIC ACID (GHB)",6,"6-9"
2020,"GAMMA-HYDROXYBUTYRIC ACID (GHB)",5,"3-5"
2021,"GAMMA-HYDROXYBUTYRIC ACID (GHB)",9,"6-9"
1971,"GAS CHROMATOGRAPHY (GC)",1,"1-2"
1972,"GAS CHROMATOGRAPHY (GC)",2,"1-2"
1973,"GAS CHROMATOGRAPHY (GC)",1,"1-2"
1977,"GAS CHROMATOGRAPHY (GC)",1,"1-2"
1981,"GAS CHROMATOGRAPHY (GC)",1,"1-2"
1983,"GAS CHROMATOGRAPHY (GC)",1,"1-2"
1984,"GAS CHROMATOGRAPHY (GC)",1,"1-2"
1986,"GAS CHROMATOGRAPHY (GC)",2,"1-2"
1987,"GAS CHROMATOGRAPHY (GC)",2,"1-2"
1988,"GAS CHROMATOGRAPHY (GC)",1,"1-2"
1989,"GAS CHROMATOGRAPHY (GC)",2,"1-2"
1990,"GAS CHROMATOGRAPHY (GC)",1,"1-2"
1991,"GAS CHROMATOGRAPHY (GC)",3,"3-5"
1992,"GAS CHROMATOGRAPHY (GC)",1,"1-2"
1993,"GAS CHROMATOGRAPHY (GC)",3,"3-5"
1994,"GAS CHROMATOGRAPHY (GC)",2,"1-2"
1995,"GAS CHROMATOGRAPHY (GC)",1,"1-2"
1996,"GAS CHROMATOGRAPHY (GC)",3,"3-5"
1997,"GAS CHROMATOGRAPHY (GC)",2,"1-2"
1998,"GAS CHROMATOGRAPHY (GC)",5,"3-5"
1999,"GAS CHROMATOGRAPHY (GC)",4,"3-5"
2000,"GAS CHROMATOGRAPHY (GC)",10,"10-14"
2001,"GAS CHROMATOGRAPHY (GC)",4,"3-5"
2002,"GAS CHROMATOGRAPHY (GC)",5,"3-5"
2003,"GAS CHROMATOGRAPHY (GC)",5,"3-5"
2004,"GAS CHROMATOGRAPHY (GC)",5,"3-5"
2005,"GAS CHROMATOGRAPHY (GC)",5,"3-5"
2006,"GAS CHROMATOGRAPHY (GC)",7,"6-9"
2007,"GAS CHROMATOGRAPHY (GC)",9,"6-9"
2008,"GAS CHROMATOGRAPHY (GC)",7,"6-9"
2009,"GAS CHROMATOGRAPHY (GC)",6,"6-9"
2010,"GAS CHROMATOGRAPHY (GC)",6,"6-9"
2011,"GAS CHROMATOGRAPHY (GC)",10,"10-14"
2012,"GAS CHROMATOGRAPHY (GC)",7,"6-9"
2013,"GAS CHROMATOGRAPHY (GC)",8,"6-9"
2014,"GAS CHROMATOGRAPHY (GC)",4,"3-5"
2015,"GAS CHROMATOGRAPHY (GC)",4,"3-5"
2016,"GAS CHROMATOGRAPHY (GC)",2,"1-2"
2017,"GAS CHROMATOGRAPHY (GC)",3,"3-5"
2018,"GAS CHROMATOGRAPHY (GC)",3,"3-5"
2019,"GAS CHROMATOGRAPHY (GC)",14,"10-14"
2020,"GAS CHROMATOGRAPHY (GC)",6,"6-9"
2021,"GAS CHROMATOGRAPHY (GC)",5,"3-5"
1983,"HAIR",1,"1-2"
1986,"HAIR",1,"1-2"
1989,"HAIR",1,"1-2"
1990,"HAIR",1,"1-2"
1993,"HAIR",3,"3-5"
1995,"HAIR",5,"3-5"
1997,"HAIR",7,"6-9"
1998,"HAIR",2,"1-2"
1999,"HAIR",2,"1-2"
2000,"HAIR",7,"6-9"
2001,"HAIR",3,"3-5"
2002,"HAIR",7,"6-9"
2003,"HAIR",4,"3-5"
2004,"HAIR",15,"15-19"
2005,"HAIR",6,"6-9"
2006,"HAIR",7,"6-9"
2007,"HAIR",13,"10-14"
2008,"HAIR",11,"10-14"
2009,"HAIR",6,"6-9"
2010,"HAIR",12,"10-14"
2011,"HAIR",7,"6-9"
2012,"HAIR",19,"15-19"
2013,"HAIR",10,"10-14"
2014,"HAIR",15,"15-19"
2015,"HAIR",13,"10-14"
2016,"HAIR",14,"10-14"
2017,"HAIR",14,"10-14"
2018,"HAIR",17,"15-19"
2019,"HAIR",16,"15-19"
2020,"HAIR",15,"15-19"
2021,"HAIR",19,"15-19"
1975,"HAIR ANALYSIS",1,"1-2"
1980,"HAIR ANALYSIS",1,"1-2"
1989,"HAIR ANALYSIS",1,"1-2"
1991,"HAIR ANALYSIS",1,"1-2"
1992,"HAIR ANALYSIS",1,"1-2"
1993,"HAIR ANALYSIS",3,"3-5"
1994,"HAIR ANALYSIS",1,"1-2"
1995,"HAIR ANALYSIS",6,"6-9"
1996,"HAIR ANALYSIS",4,"3-5"
1997,"HAIR ANALYSIS",4,"3-5"
1998,"HAIR ANALYSIS",2,"1-2"
1999,"HAIR ANALYSIS",1,"1-2"
2000,"HAIR ANALYSIS",4,"3-5"
2001,"HAIR ANALYSIS",3,"3-5"
2002,"HAIR ANALYSIS",7,"6-9"
2003,"HAIR ANALYSIS",7,"6-9"
2004,"HAIR ANALYSIS",5,"3-5"
2005,"HAIR ANALYSIS",4,"3-5"
2006,"HAIR ANALYSIS",6,"6-9"
2007,"HAIR ANALYSIS",13,"10-14"
2008,"HAIR ANALYSIS",16,"15-19"
2009,"HAIR ANALYSIS",8,"6-9"
2010,"HAIR ANALYSIS",14,"10-14"
2011,"HAIR ANALYSIS",9,"6-9"
2012,"HAIR ANALYSIS",11,"10-14"
2013,"HAIR ANALYSIS",12,"10-14"
2014,"HAIR ANALYSIS",10,"10-14"
2015,"HAIR ANALYSIS",13,"10-14"
2016,"HAIR ANALYSIS",14,"10-14"
2017,"HAIR ANALYSIS",8,"6-9"
2018,"HAIR ANALYSIS",12,"10-14"
2019,"HAIR ANALYSIS",13,"10-14"
2020,"HAIR ANALYSIS",11,"10-14"
2021,"HAIR ANALYSIS",13,"10-14"
1983,"HEROIN",1,"1-2"
1986,"HEROIN",1,"1-2"
1987,"HEROIN",2,"1-2"
1988,"HEROIN",2,"1-2"
1990,"HEROIN",1,"1-2"
1991,"HEROIN",1,"1-2"
1992,"HEROIN",1,"1-2"
1993,"HEROIN",4,"3-5"
1994,"HEROIN",1,"1-2"
1995,"HEROIN",4,"3-5"
1996,"HEROIN",4,"3-5"
1997,"HEROIN",5,"3-5"
1998,"HEROIN",4,"3-5"
1999,"HEROIN",7,"6-9"
2000,"HEROIN",6,"6-9"
2001,"HEROIN",8,"6-9"
2002,"HEROIN",7,"6-9"
2003,"HEROIN",5,"3-5"
2004,"HEROIN",3,"3-5"
2005,"HEROIN",2,"1-2"
2006,"HEROIN",7,"6-9"
2007,"HEROIN",7,"6-9"
2008,"HEROIN",4,"3-5"
2009,"HEROIN",3,"3-5"
2010,"HEROIN",3,"3-5"
2011,"HEROIN",6,"6-9"
2012,"HEROIN",8,"6-9"
2013,"HEROIN",6,"6-9"
2014,"HEROIN",9,"6-9"
2015,"HEROIN",5,"3-5"
2016,"HEROIN",11,"10-14"
2017,"HEROIN",7,"6-9"
2018,"HEROIN",7,"6-9"
2019,"HEROIN",10,"10-14"
2020,"HEROIN",9,"6-9"
2021,"HEROIN",3,"3-5"
2011,"HIGH-RESOLUTION MASS SPECTROMETRY (HRMS)",2,"1-2"
2012,"HIGH-RESOLUTION MASS SPECTROMETRY (HRMS)",3,"3-5"
2013,"HIGH-RESOLUTION MASS SPECTROMETRY (HRMS)",5,"3-5"
2014,"HIGH-RESOLUTION MASS SPECTROMETRY (HRMS)",2,"1-2"
2015,"HIGH-RESOLUTION MASS SPECTROMETRY (HRMS)",5,"3-5"
2016,"HIGH-RESOLUTION MASS SPECTROMETRY (HRMS)",11,"10-14"
2017,"HIGH-RESOLUTION MASS SPECTROMETRY (HRMS)",9,"6-9"
2018,"HIGH-RESOLUTION MASS SPECTROMETRY (HRMS)",11,"10-14"
2019,"HIGH-RESOLUTION MASS SPECTROMETRY (HRMS)",15,"15-19"
2020,"HIGH-RESOLUTION MASS SPECTROMETRY (HRMS)",9,"6-9"
2021,"HIGH-RESOLUTION MASS SPECTROMETRY (HRMS)",9,"6-9"
1978,"HOMICIDE",1,"1-2"
1981,"HOMICIDE",1,"1-2"
1982,"HOMICIDE",1,"1-2"
1983,"HOMICIDE",1,"1-2"
1984,"HOMICIDE",2,"1-2"
1995,"HOMICIDE",2,"1-2"
1996,"HOMICIDE",3,"3-5"
1997,"HOMICIDE",1,"1-2"
1998,"HOMICIDE",2,"1-2"
1999,"HOMICIDE",1,"1-2"
2000,"HOMICIDE",5,"3-5"
2001,"HOMICIDE",3,"3-5"
2002,"HOMICIDE",1,"1-2"
2003,"HOMICIDE",3,"3-5"
2004,"HOMICIDE",4,"3-5"
2005,"HOMICIDE",6,"6-9"
2006,"HOMICIDE",4,"3-5"
2007,"HOMICIDE",4,"3-5"
2008,"HOMICIDE",2,"1-2"
2009,"HOMICIDE",7,"6-9"
2010,"HOMICIDE",4,"3-5"
2011,"HOMICIDE",4,"3-5"
2012,"HOMICIDE",8,"6-9"
2013,"HOMICIDE",7,"6-9"
2014,"HOMICIDE",13,"10-14"
2015,"HOMICIDE",3,"3-5"
2016,"HOMICIDE",6,"6-9"
2017,"HOMICIDE",5,"3-5"
2018,"HOMICIDE",3,"3-5"
2019,"HOMICIDE",7,"6-9"
2020,"HOMICIDE",2,"1-2"
2021,"HOMICIDE",6,"6-9"
1977,"IDENTIFICATION",1,"1-2"
1987,"IDENTIFICATION",1,"1-2"
1988,"IDENTIFICATION",1,"1-2"
1998,"IDENTIFICATION",1,"1-2"
2000,"IDENTIFICATION",2,"1-2"
2003,"IDENTIFICATION",1,"1-2"
2005,"IDENTIFICATION",1,"1-2"
2007,"IDENTIFICATION",1,"1-2"
2008,"IDENTIFICATION",2,"1-2"
2009,"IDENTIFICATION",3,"3-5"
2010,"IDENTIFICATION",1,"1-2"
2011,"IDENTIFICATION",5,"3-5"
2012,"IDENTIFICATION",6,"6-9"
2013,"IDENTIFICATION",2,"1-2"
2014,"IDENTIFICATION",2,"1-2"
2015,"IDENTIFICATION",3,"3-5"
2016,"IDENTIFICATION",7,"6-9"
2017,"IDENTIFICATION",7,"6-9"
2018,"IDENTIFICATION",1,"1-2"
2019,"IDENTIFICATION",1,"1-2"
2020,"IDENTIFICATION",3,"3-5"
2021,"IDENTIFICATION",2,"1-2"
1986,"ILLICIT DRUG",1,"1-2"
1993,"ILLICIT DRUG",4,"3-5"
1994,"ILLICIT DRUG",2,"1-2"
1995,"ILLICIT DRUG",1,"1-2"
1996,"ILLICIT DRUG",1,"1-2"
1997,"ILLICIT DRUG",1,"1-2"
1998,"ILLICIT DRUG",1,"1-2"
2000,"ILLICIT DRUG",5,"3-5"
2001,"ILLICIT DRUG",3,"3-5"
2002,"ILLICIT DRUG",3,"3-5"
2004,"ILLICIT DRUG",4,"3-5"
2005,"ILLICIT DRUG",6,"6-9"
2006,"ILLICIT DRUG",3,"3-5"
2007,"ILLICIT DRUG",4,"3-5"
2008,"ILLICIT DRUG",4,"3-5"
2009,"ILLICIT DRUG",4,"3-5"
2010,"ILLICIT DRUG",7,"6-9"
2011,"ILLICIT DRUG",13,"10-14"
2012,"ILLICIT DRUG",8,"6-9"
2013,"ILLICIT DRUG",16,"15-19"
2014,"ILLICIT DRUG",12,"10-14"
2015,"ILLICIT DRUG",11,"10-14"
2016,"ILLICIT DRUG",8,"6-9"
2017,"ILLICIT DRUG",3,"3-5"
2018,"ILLICIT DRUG",10,"10-14"
2019,"ILLICIT DRUG",15,"15-19"
2020,"ILLICIT DRUG",9,"6-9"
2021,"ILLICIT DRUG",16,"15-19"
1985,"IMMUNOASSAY",1,"1-2"
1991,"IMMUNOASSAY",1,"1-2"
1993,"IMMUNOASSAY",2,"1-2"
1997,"IMMUNOASSAY",1,"1-2"
1998,"IMMUNOASSAY",2,"1-2"
2000,"IMMUNOASSAY",5,"3-5"
2001,"IMMUNOASSAY",2,"1-2"
2002,"IMMUNOASSAY",1,"1-2"
2003,"IMMUNOASSAY",6,"6-9"
2004,"IMMUNOASSAY",1,"1-2"
2005,"IMMUNOASSAY",1,"1-2"
2006,"IMMUNOASSAY",3,"3-5"
2008,"IMMUNOASSAY",4,"3-5"
2009,"IMMUNOASSAY",7,"6-9"
2010,"IMMUNOASSAY",5,"3-5"
2011,"IMMUNOASSAY",1,"1-2"
2012,"IMMUNOASSAY",5,"3-5"
2013,"IMMUNOASSAY",7,"6-9"
2014,"IMMUNOASSAY",5,"3-5"
2015,"IMMUNOASSAY",6,"6-9"
2016,"IMMUNOASSAY",4,"3-5"
2017,"IMMUNOASSAY",6,"6-9"
2018,"IMMUNOASSAY",1,"1-2"
2019,"IMMUNOASSAY",4,"3-5"
2020,"IMMUNOASSAY",1,"1-2"
2021,"IMMUNOASSAY",3,"3-5"
1998,"IMMUNOHISTOCHEMISTRY",2,"1-2"
1999,"IMMUNOHISTOCHEMISTRY",1,"1-2"
2000,"IMMUNOHISTOCHEMISTRY",2,"1-2"
2001,"IMMUNOHISTOCHEMISTRY",3,"3-5"
2002,"IMMUNOHISTOCHEMISTRY",1,"1-2"
2003,"IMMUNOHISTOCHEMISTRY",6,"6-9"
2005,"IMMUNOHISTOCHEMISTRY",2,"1-2"
2006,"IMMUNOHISTOCHEMISTRY",1,"1-2"
2007,"IMMUNOHISTOCHEMISTRY",3,"3-5"
2008,"IMMUNOHISTOCHEMISTRY",2,"1-2"
2009,"IMMUNOHISTOCHEMISTRY",3,"3-5"
2010,"IMMUNOHISTOCHEMISTRY",1,"1-2"
2012,"IMMUNOHISTOCHEMISTRY",1,"1-2"
2014,"IMMUNOHISTOCHEMISTRY",1,"1-2"
2015,"IMMUNOHISTOCHEMISTRY",3,"3-5"
2016,"IMMUNOHISTOCHEMISTRY",2,"1-2"
2017,"IMMUNOHISTOCHEMISTRY",1,"1-2"
2018,"IMMUNOHISTOCHEMISTRY",4,"3-5"
2019,"IMMUNOHISTOCHEMISTRY",7,"6-9"
2020,"IMMUNOHISTOCHEMISTRY",3,"3-5"
2021,"IMMUNOHISTOCHEMISTRY",3,"3-5"
1970,"INTOXICATION",1,"1-2"
1971,"INTOXICATION",1,"1-2"
1978,"INTOXICATION",1,"1-2"
1983,"INTOXICATION",3,"3-5"
1986,"INTOXICATION",1,"1-2"
1990,"INTOXICATION",2,"1-2"
1994,"INTOXICATION",1,"1-2"
1995,"INTOXICATION",1,"1-2"
1996,"INTOXICATION",1,"1-2"
1997,"INTOXICATION",1,"1-2"
1998,"INTOXICATION",1,"1-2"
1999,"INTOXICATION",3,"3-5"
2000,"INTOXICATION",2,"1-2"
2001,"INTOXICATION",2,"1-2"
2002,"INTOXICATION",7,"6-9"
2003,"INTOXICATION",3,"3-5"
2004,"INTOXICATION",3,"3-5"
2005,"INTOXICATION",3,"3-5"
2006,"INTOXICATION",3,"3-5"
2007,"INTOXICATION",7,"6-9"
2008,"INTOXICATION",8,"6-9"
2009,"INTOXICATION",7,"6-9"
2010,"INTOXICATION",8,"6-9"
2011,"INTOXICATION",4,"3-5"
2012,"INTOXICATION",9,"6-9"
2013,"INTOXICATION",12,"10-14"
2014,"INTOXICATION",3,"3-5"
2015,"INTOXICATION",9,"6-9"
2016,"INTOXICATION",8,"6-9"
2017,"INTOXICATION",9,"6-9"
2018,"INTOXICATION",10,"10-14"
2019,"INTOXICATION",8,"6-9"
2020,"INTOXICATION",4,"3-5"
2021,"INTOXICATION",13,"10-14"
1997,"KETAMINE",1,"1-2"
1998,"KETAMINE",1,"1-2"
2000,"KETAMINE",1,"1-2"
2002,"KETAMINE",1,"1-2"
2003,"KETAMINE",1,"1-2"
2004,"KETAMINE",2,"1-2"
2005,"KETAMINE",4,"3-5"
2006,"KETAMINE",4,"3-5"
2007,"KETAMINE",5,"3-5"
2008,"KETAMINE",2,"1-2"
2009,"KETAMINE",7,"6-9"
2010,"KETAMINE",11,"10-14"
2011,"KETAMINE",2,"1-2"
2012,"KETAMINE",6,"6-9"
2013,"KETAMINE",9,"6-9"
2014,"KETAMINE",4,"3-5"
2015,"KETAMINE",3,"3-5"
2016,"KETAMINE",4,"3-5"
2017,"KETAMINE",1,"1-2"
2018,"KETAMINE",3,"3-5"
2019,"KETAMINE",2,"1-2"
2020,"KETAMINE",5,"3-5"
2021,"KETAMINE",3,"3-5"
1994,"LIQUID CHROMATOGRAPHY (LC)",1,"1-2"
1998,"LIQUID CHROMATOGRAPHY (LC)",1,"1-2"
2002,"LIQUID CHROMATOGRAPHY (LC)",3,"3-5"
2003,"LIQUID CHROMATOGRAPHY (LC)",1,"1-2"
2004,"LIQUID CHROMATOGRAPHY (LC)",1,"1-2"
2005,"LIQUID CHROMATOGRAPHY (LC)",1,"1-2"
2006,"LIQUID CHROMATOGRAPHY (LC)",3,"3-5"
2007,"LIQUID CHROMATOGRAPHY (LC)",1,"1-2"
2009,"LIQUID CHROMATOGRAPHY (LC)",1,"1-2"
2010,"LIQUID CHROMATOGRAPHY (LC)",3,"3-5"
2011,"LIQUID CHROMATOGRAPHY (LC)",6,"6-9"
2012,"LIQUID CHROMATOGRAPHY (LC)",5,"3-5"
2013,"LIQUID CHROMATOGRAPHY (LC)",6,"6-9"
2014,"LIQUID CHROMATOGRAPHY (LC)",1,"1-2"
2015,"LIQUID CHROMATOGRAPHY (LC)",7,"6-9"
2016,"LIQUID CHROMATOGRAPHY (LC)",6,"6-9"
2017,"LIQUID CHROMATOGRAPHY (LC)",2,"1-2"
2018,"LIQUID CHROMATOGRAPHY (LC)",5,"3-5"
2019,"LIQUID CHROMATOGRAPHY (LC)",5,"3-5"
2020,"LIQUID CHROMATOGRAPHY (LC)",4,"3-5"
2021,"LIQUID CHROMATOGRAPHY (LC)",7,"6-9"
1981,"MASS SPECTROMETRY (MS)",1,"1-2"
1983,"MASS SPECTROMETRY (MS)",2,"1-2"
1988,"MASS SPECTROMETRY (MS)",2,"1-2"
1989,"MASS SPECTROMETRY (MS)",1,"1-2"
1991,"MASS SPECTROMETRY (MS)",2,"1-2"
1993,"MASS SPECTROMETRY (MS)",4,"3-5"
1996,"MASS SPECTROMETRY (MS)",1,"1-2"
1997,"MASS SPECTROMETRY (MS)",2,"1-2"
1998,"MASS SPECTROMETRY (MS)",1,"1-2"
1999,"MASS SPECTROMETRY (MS)",3,"3-5"
2000,"MASS SPECTROMETRY (MS)",4,"3-5"
2001,"MASS SPECTROMETRY (MS)",2,"1-2"
2002,"MASS SPECTROMETRY (MS)",11,"10-14"
2003,"MASS SPECTROMETRY (MS)",1,"1-2"
2004,"MASS SPECTROMETRY (MS)",3,"3-5"
2005,"MASS SPECTROMETRY (MS)",6,"6-9"
2006,"MASS SPECTROMETRY (MS)",9,"6-9"
2007,"MASS SPECTROMETRY (MS)",8,"6-9"
2008,"MASS SPECTROMETRY (MS)",5,"3-5"
2009,"MASS SPECTROMETRY (MS)",10,"10-14"
2010,"MASS SPECTROMETRY (MS)",11,"10-14"
2011,"MASS SPECTROMETRY (MS)",24,"20-24"
2012,"MASS SPECTROMETRY (MS)",20,"20-24"
2013,"MASS SPECTROMETRY (MS)",24,"20-24"
2014,"MASS SPECTROMETRY (MS)",10,"10-14"
2015,"MASS SPECTROMETRY (MS)",11,"10-14"
2016,"MASS SPECTROMETRY (MS)",21,"20-24"
2017,"MASS SPECTROMETRY (MS)",13,"10-14"
2018,"MASS SPECTROMETRY (MS)",20,"20-24"
2019,"MASS SPECTROMETRY (MS)",29,"25-29"
2020,"MASS SPECTROMETRY (MS)",18,"15-19"
2021,"MASS SPECTROMETRY (MS)",19,"15-19"
2002,"MENTAL HEALTH",1,"1-2"
2004,"MENTAL HEALTH",1,"1-2"
2005,"MENTAL HEALTH",1,"1-2"
2008,"MENTAL HEALTH",2,"1-2"
2009,"MENTAL HEALTH",2,"1-2"
2010,"MENTAL HEALTH",2,"1-2"
2011,"MENTAL HEALTH",2,"1-2"
2012,"MENTAL HEALTH",3,"3-5"
2013,"MENTAL HEALTH",3,"3-5"
2014,"MENTAL HEALTH",5,"3-5"
2015,"MENTAL HEALTH",2,"1-2"
2016,"MENTAL HEALTH",6,"6-9"
2017,"MENTAL HEALTH",5,"3-5"
2018,"MENTAL HEALTH",5,"3-5"
2019,"MENTAL HEALTH",5,"3-5"
2020,"MENTAL HEALTH",7,"6-9"
2021,"MENTAL HEALTH",2,"1-2"
1968,"METABOLISM",1,"1-2"
1979,"METABOLISM",1,"1-2"
1984,"METABOLISM",1,"1-2"
1991,"METABOLISM",1,"1-2"
1996,"METABOLISM",2,"1-2"
1997,"METABOLISM",1,"1-2"
1998,"METABOLISM",2,"1-2"
1999,"METABOLISM",1,"1-2"
2002,"METABOLISM",1,"1-2"
2003,"METABOLISM",2,"1-2"
2004,"METABOLISM",1,"1-2"
2005,"METABOLISM",1,"1-2"
2007,"METABOLISM",2,"1-2"
2008,"METABOLISM",3,"3-5"
2009,"METABOLISM",3,"3-5"
2010,"METABOLISM",7,"6-9"
2011,"METABOLISM",3,"3-5"
2012,"METABOLISM",4,"3-5"
2013,"METABOLISM",7,"6-9"
2014,"METABOLISM",5,"3-5"
2015,"METABOLISM",11,"10-14"
2016,"METABOLISM",7,"6-9"
2017,"METABOLISM",14,"10-14"
2018,"METABOLISM",8,"6-9"
2019,"METABOLISM",12,"10-14"
2020,"METABOLISM",13,"10-14"
2021,"METABOLISM",7,"6-9"
1979,"METABOLITE",1,"1-2"
1994,"METABOLITE",1,"1-2"
1997,"METABOLITE",1,"1-2"
1998,"METABOLITE",1,"1-2"
1999,"METABOLITE",1,"1-2"
2000,"METABOLITE",1,"1-2"
2001,"METABOLITE",1,"1-2"
2003,"METABOLITE",2,"1-2"
2005,"METABOLITE",2,"1-2"
2006,"METABOLITE",3,"3-5"
2007,"METABOLITE",1,"1-2"
2008,"METABOLITE",3,"3-5"
2009,"METABOLITE",4,"3-5"
2010,"METABOLITE",3,"3-5"
2011,"METABOLITE",4,"3-5"
2012,"METABOLITE",4,"3-5"
2013,"METABOLITE",4,"3-5"
2014,"METABOLITE",4,"3-5"
2015,"METABOLITE",11,"10-14"
2016,"METABOLITE",5,"3-5"
2017,"METABOLITE",5,"3-5"
2018,"METABOLITE",4,"3-5"
2019,"METABOLITE",10,"10-14"
2020,"METABOLITE",7,"6-9"
2021,"METABOLITE",9,"6-9"
1986,"METHADONE",1,"1-2"
1989,"METHADONE",1,"1-2"
1993,"METHADONE",2,"1-2"
1994,"METHADONE",1,"1-2"
1996,"METHADONE",2,"1-2"
1997,"METHADONE",3,"3-5"
1998,"METHADONE",2,"1-2"
1999,"METHADONE",2,"1-2"
2000,"METHADONE",7,"6-9"
2001,"METHADONE",2,"1-2"
2002,"METHADONE",2,"1-2"
2003,"METHADONE",4,"3-5"
2004,"METHADONE",2,"1-2"
2005,"METHADONE",4,"3-5"
2007,"METHADONE",3,"3-5"
2008,"METHADONE",2,"1-2"
2009,"METHADONE",3,"3-5"
2010,"METHADONE",6,"6-9"
2011,"METHADONE",4,"3-5"
2012,"METHADONE",4,"3-5"
2013,"METHADONE",5,"3-5"
2014,"METHADONE",7,"6-9"
2015,"METHADONE",4,"3-5"
2016,"METHADONE",6,"6-9"
2017,"METHADONE",3,"3-5"
2018,"METHADONE",3,"3-5"
2019,"METHADONE",2,"1-2"
2020,"METHADONE",1,"1-2"
2021,"METHADONE",7,"6-9"
1979,"METHAMPHETAMINE",2,"1-2"
1980,"METHAMPHETAMINE",1,"1-2"
1981,"METHAMPHETAMINE",1,"1-2"
1983,"METHAMPHETAMINE",2,"1-2"
1984,"METHAMPHETAMINE",3,"3-5"
1985,"METHAMPHETAMINE",1,"1-2"
1986,"METHAMPHETAMINE",2,"1-2"
1989,"METHAMPHETAMINE",1,"1-2"
1990,"METHAMPHETAMINE",1,"1-2"
1992,"METHAMPHETAMINE",1,"1-2"
1993,"METHAMPHETAMINE",2,"1-2"
1994,"METHAMPHETAMINE",2,"1-2"
1995,"METHAMPHETAMINE",6,"6-9"
1996,"METHAMPHETAMINE",10,"10-14"
1997,"METHAMPHETAMINE",8,"6-9"
1998,"METHAMPHETAMINE",2,"1-2"
1999,"METHAMPHETAMINE",6,"6-9"
2000,"METHAMPHETAMINE",8,"6-9"
2001,"METHAMPHETAMINE",5,"3-5"
2002,"METHAMPHETAMINE",6,"6-9"
2003,"METHAMPHETAMINE",7,"6-9"
2004,"METHAMPHETAMINE",4,"3-5"
2005,"METHAMPHETAMINE",2,"1-2"
2006,"METHAMPHETAMINE",7,"6-9"
2007,"METHAMPHETAMINE",10,"10-14"
2008,"METHAMPHETAMINE",7,"6-9"
2009,"METHAMPHETAMINE",15,"15-19"
2010,"METHAMPHETAMINE",13,"10-14"
2011,"METHAMPHETAMINE",9,"6-9"
2012,"METHAMPHETAMINE",7,"6-9"
2013,"METHAMPHETAMINE",6,"6-9"
2014,"METHAMPHETAMINE",8,"6-9"
2015,"METHAMPHETAMINE",6,"6-9"
2016,"METHAMPHETAMINE",6,"6-9"
2017,"METHAMPHETAMINE",8,"6-9"
2018,"METHAMPHETAMINE",8,"6-9"
2019,"METHAMPHETAMINE",13,"10-14"
2020,"METHAMPHETAMINE",9,"6-9"
2021,"METHAMPHETAMINE",13,"10-14"
1971,"MORPHINE",1,"1-2"
1977,"MORPHINE",2,"1-2"
1979,"MORPHINE",1,"1-2"
1986,"MORPHINE",1,"1-2"
1987,"MORPHINE",1,"1-2"
1988,"MORPHINE",1,"1-2"
1991,"MORPHINE",3,"3-5"
1992,"MORPHINE",1,"1-2"
1993,"MORPHINE",3,"3-5"
1994,"MORPHINE",1,"1-2"
1996,"MORPHINE",3,"3-5"
1997,"MORPHINE",5,"3-5"
1998,"MORPHINE",3,"3-5"
1999,"MORPHINE",8,"6-9"
2000,"MORPHINE",5,"3-5"
2001,"MORPHINE",9,"6-9"
2002,"MORPHINE",3,"3-5"
2003,"MORPHINE",8,"6-9"
2004,"MORPHINE",2,"1-2"
2005,"MORPHINE",1,"1-2"
2006,"MORPHINE",7,"6-9"
2007,"MORPHINE",4,"3-5"
2008,"MORPHINE",4,"3-5"
2009,"MORPHINE",3,"3-5"
2010,"MORPHINE",6,"6-9"
2011,"MORPHINE",4,"3-5"
2012,"MORPHINE",5,"3-5"
2013,"MORPHINE",2,"1-2"
2014,"MORPHINE",11,"10-14"
2015,"MORPHINE",6,"6-9"
2016,"MORPHINE",7,"6-9"
2018,"MORPHINE",10,"10-14"
2019,"MORPHINE",10,"10-14"
2020,"MORPHINE",3,"3-5"
2021,"MORPHINE",5,"3-5"
1995,"MORTALITY",1,"1-2"
1996,"MORTALITY",1,"1-2"
1999,"MORTALITY",1,"1-2"
2000,"MORTALITY",1,"1-2"
2003,"MORTALITY",2,"1-2"
2005,"MORTALITY",1,"1-2"
2007,"MORTALITY",3,"3-5"
2008,"MORTALITY",2,"1-2"
2010,"MORTALITY",4,"3-5"
2011,"MORTALITY",3,"3-5"
2012,"MORTALITY",1,"1-2"
2013,"MORTALITY",4,"3-5"
2014,"MORTALITY",4,"3-5"
2015,"MORTALITY",2,"1-2"
2016,"MORTALITY",2,"1-2"
2017,"MORTALITY",2,"1-2"
2018,"MORTALITY",7,"6-9"
2019,"MORTALITY",3,"3-5"
2020,"MORTALITY",5,"3-5"
2021,"MORTALITY",8,"6-9"
2013,"NOVEL PSYCHOACTIVE SUBSTANCES (NPS)",4,"3-5"
2014,"NOVEL PSYCHOACTIVE SUBSTANCES (NPS)",11,"10-14"
2015,"NOVEL PSYCHOACTIVE SUBSTANCES (NPS)",11,"10-14"
2016,"NOVEL PSYCHOACTIVE SUBSTANCES (NPS)",32,"30-39"
2017,"NOVEL PSYCHOACTIVE SUBSTANCES (NPS)",55,">49"
2018,"NOVEL PSYCHOACTIVE SUBSTANCES (NPS)",37,"30-39"
2019,"NOVEL PSYCHOACTIVE SUBSTANCES (NPS)",47,"40-49"
2020,"NOVEL PSYCHOACTIVE SUBSTANCES (NPS)",51,">49"
2021,"NOVEL PSYCHOACTIVE SUBSTANCES (NPS)",62,">49"
2007,"NUCLEAR FORENSICS",1,"1-2"
2009,"NUCLEAR FORENSICS",1,"1-2"
2010,"NUCLEAR FORENSICS",1,"1-2"
2012,"NUCLEAR FORENSICS",1,"1-2"
2013,"NUCLEAR FORENSICS",9,"6-9"
2014,"NUCLEAR FORENSICS",5,"3-5"
2015,"NUCLEAR FORENSICS",9,"6-9"
2016,"NUCLEAR FORENSICS",16,"15-19"
2017,"NUCLEAR FORENSICS",12,"10-14"
2018,"NUCLEAR FORENSICS",17,"15-19"
2019,"NUCLEAR FORENSICS",8,"6-9"
2020,"NUCLEAR FORENSICS",7,"6-9"
2021,"NUCLEAR FORENSICS",6,"6-9"
1991,"NUCLEAR MAGNETIC RESONANCE (NMR)",2,"1-2"
1999,"NUCLEAR MAGNETIC RESONANCE (NMR)",2,"1-2"
2000,"NUCLEAR MAGNETIC RESONANCE (NMR)",1,"1-2"
2005,"NUCLEAR MAGNETIC RESONANCE (NMR)",3,"3-5"
2006,"NUCLEAR MAGNETIC RESONANCE (NMR)",2,"1-2"
2007,"NUCLEAR MAGNETIC RESONANCE (NMR)",2,"1-2"
2008,"NUCLEAR MAGNETIC RESONANCE (NMR)",1,"1-2"
2009,"NUCLEAR MAGNETIC RESONANCE (NMR)",3,"3-5"
2010,"NUCLEAR MAGNETIC RESONANCE (NMR)",2,"1-2"
2011,"NUCLEAR MAGNETIC RESONANCE (NMR)",2,"1-2"
2012,"NUCLEAR MAGNETIC RESONANCE (NMR)",5,"3-5"
2013,"NUCLEAR MAGNETIC RESONANCE (NMR)",6,"6-9"
2014,"NUCLEAR MAGNETIC RESONANCE (NMR)",4,"3-5"
2015,"NUCLEAR MAGNETIC RESONANCE (NMR)",4,"3-5"
2016,"NUCLEAR MAGNETIC RESONANCE (NMR)",5,"3-5"
2017,"NUCLEAR MAGNETIC RESONANCE (NMR)",4,"3-5"
2018,"NUCLEAR MAGNETIC RESONANCE (NMR)",5,"3-5"
2019,"NUCLEAR MAGNETIC RESONANCE (NMR)",4,"3-5"
2020,"NUCLEAR MAGNETIC RESONANCE (NMR)",3,"3-5"
2021,"NUCLEAR MAGNETIC RESONANCE (NMR)",7,"6-9"
1984,"OPIATE AND DERIVATIVES",1,"1-2"
1991,"OPIATE AND DERIVATIVES",1,"1-2"
1993,"OPIATE AND DERIVATIVES",2,"1-2"
1995,"OPIATE AND DERIVATIVES",2,"1-2"
1996,"OPIATE AND DERIVATIVES",3,"3-5"
1997,"OPIATE AND DERIVATIVES",4,"3-5"
1998,"OPIATE AND DERIVATIVES",3,"3-5"
2000,"OPIATE AND DERIVATIVES",4,"3-5"
2001,"OPIATE AND DERIVATIVES",2,"1-2"
2002,"OPIATE AND DERIVATIVES",6,"6-9"
2003,"OPIATE AND DERIVATIVES",3,"3-5"
2004,"OPIATE AND DERIVATIVES",3,"3-5"
2005,"OPIATE AND DERIVATIVES",4,"3-5"
2006,"OPIATE AND DERIVATIVES",3,"3-5"
2007,"OPIATE AND DERIVATIVES",6,"6-9"
2008,"OPIATE AND DERIVATIVES",2,"1-2"
2009,"OPIATE AND DERIVATIVES",3,"3-5"
2010,"OPIATE AND DERIVATIVES",10,"10-14"
2011,"OPIATE AND DERIVATIVES",8,"6-9"
2012,"OPIATE AND DERIVATIVES",6,"6-9"
2013,"OPIATE AND DERIVATIVES",5,"3-5"
2014,"OPIATE AND DERIVATIVES",10,"10-14"
2015,"OPIATE AND DERIVATIVES",1,"1-2"
2016,"OPIATE AND DERIVATIVES",1,"1-2"
2017,"OPIATE AND DERIVATIVES",4,"3-5"
2018,"OPIATE AND DERIVATIVES",2,"1-2"
2019,"OPIATE AND DERIVATIVES",6,"6-9"
2020,"OPIATE AND DERIVATIVES",3,"3-5"
2021,"OPIATE AND DERIVATIVES",3,"3-5"
1986,"OPIOD AND DERIVATIVES",1,"1-2"
1990,"OPIOD AND DERIVATIVES",1,"1-2"
1993,"OPIOD AND DERIVATIVES",1,"1-2"
1997,"OPIOD AND DERIVATIVES",2,"1-2"
1999,"OPIOD AND DERIVATIVES",1,"1-2"
2002,"OPIOD AND DERIVATIVES",2,"1-2"
2005,"OPIOD AND DERIVATIVES",1,"1-2"
2006,"OPIOD AND DERIVATIVES",1,"1-2"
2007,"OPIOD AND DERIVATIVES",1,"1-2"
2008,"OPIOD AND DERIVATIVES",1,"1-2"
2009,"OPIOD AND DERIVATIVES",7,"6-9"
2010,"OPIOD AND DERIVATIVES",6,"6-9"
2011,"OPIOD AND DERIVATIVES",7,"6-9"
2012,"OPIOD AND DERIVATIVES",7,"6-9"
2013,"OPIOD AND DERIVATIVES",5,"3-5"
2014,"OPIOD AND DERIVATIVES",8,"6-9"
2015,"OPIOD AND DERIVATIVES",8,"6-9"
2016,"OPIOD AND DERIVATIVES",9,"6-9"
2017,"OPIOD AND DERIVATIVES",14,"10-14"
2018,"OPIOD AND DERIVATIVES",11,"10-14"
2019,"OPIOD AND DERIVATIVES",13,"10-14"
2020,"OPIOD AND DERIVATIVES",12,"10-14"
2021,"OPIOD AND DERIVATIVES",24,"20-24"
2001,"ORAL FLUID",1,"1-2"
2002,"ORAL FLUID",1,"1-2"
2004,"ORAL FLUID",5,"3-5"
2005,"ORAL FLUID",17,"15-19"
2006,"ORAL FLUID",3,"3-5"
2007,"ORAL FLUID",7,"6-9"
2008,"ORAL FLUID",6,"6-9"
2009,"ORAL FLUID",3,"3-5"
2010,"ORAL FLUID",3,"3-5"
2011,"ORAL FLUID",4,"3-5"
2012,"ORAL FLUID",9,"6-9"
2013,"ORAL FLUID",7,"6-9"
2014,"ORAL FLUID",6,"6-9"
2015,"ORAL FLUID",13,"10-14"
2016,"ORAL FLUID",4,"3-5"
2017,"ORAL FLUID",6,"6-9"
2018,"ORAL FLUID",3,"3-5"
2019,"ORAL FLUID",8,"6-9"
2020,"ORAL FLUID",7,"6-9"
2021,"ORAL FLUID",6,"6-9"
1986,"OVERDOSE",1,"1-2"
1989,"OVERDOSE",1,"1-2"
1990,"OVERDOSE",1,"1-2"
1993,"OVERDOSE",1,"1-2"
1995,"OVERDOSE",2,"1-2"
1996,"OVERDOSE",2,"1-2"
1997,"OVERDOSE",6,"6-9"
1998,"OVERDOSE",1,"1-2"
1999,"OVERDOSE",2,"1-2"
2000,"OVERDOSE",2,"1-2"
2001,"OVERDOSE",2,"1-2"
2002,"OVERDOSE",1,"1-2"
2003,"OVERDOSE",4,"3-5"
2004,"OVERDOSE",2,"1-2"
2005,"OVERDOSE",3,"3-5"
2006,"OVERDOSE",5,"3-5"
2007,"OVERDOSE",7,"6-9"
2008,"OVERDOSE",4,"3-5"
2009,"OVERDOSE",5,"3-5"
2010,"OVERDOSE",3,"3-5"
2011,"OVERDOSE",6,"6-9"
2012,"OVERDOSE",8,"6-9"
2013,"OVERDOSE",7,"6-9"
2014,"OVERDOSE",4,"3-5"
2015,"OVERDOSE",4,"3-5"
2016,"OVERDOSE",5,"3-5"
2017,"OVERDOSE",6,"6-9"
2018,"OVERDOSE",6,"6-9"
2019,"OVERDOSE",12,"10-14"
2020,"OVERDOSE",6,"6-9"
2021,"OVERDOSE",12,"10-14"
1990,"PHARMACEUTICALS",1,"1-2"
1998,"PHARMACEUTICALS",2,"1-2"
1999,"PHARMACEUTICALS",2,"1-2"
2002,"PHARMACEUTICALS",1,"1-2"
2004,"PHARMACEUTICALS",1,"1-2"
2005,"PHARMACEUTICALS",1,"1-2"
2006,"PHARMACEUTICALS",1,"1-2"
2008,"PHARMACEUTICALS",1,"1-2"
2009,"PHARMACEUTICALS",3,"3-5"
2010,"PHARMACEUTICALS",5,"3-5"
2011,"PHARMACEUTICALS",6,"6-9"
2012,"PHARMACEUTICALS",1,"1-2"
2013,"PHARMACEUTICALS",2,"1-2"
2014,"PHARMACEUTICALS",4,"3-5"
2015,"PHARMACEUTICALS",1,"1-2"
2016,"PHARMACEUTICALS",2,"1-2"
2017,"PHARMACEUTICALS",5,"3-5"
2018,"PHARMACEUTICALS",3,"3-5"
2019,"PHARMACEUTICALS",3,"3-5"
2020,"PHARMACEUTICALS",6,"6-9"
2021,"PHARMACEUTICALS",1,"1-2"
1987,"PHARMACOKINETICS",1,"1-2"
1991,"PHARMACOKINETICS",1,"1-2"
1993,"PHARMACOKINETICS",1,"1-2"
1994,"PHARMACOKINETICS",2,"1-2"
1997,"PHARMACOKINETICS",1,"1-2"
1999,"PHARMACOKINETICS",3,"3-5"
2000,"PHARMACOKINETICS",3,"3-5"
2001,"PHARMACOKINETICS",1,"1-2"
2002,"PHARMACOKINETICS",2,"1-2"
2003,"PHARMACOKINETICS",3,"3-5"
2004,"PHARMACOKINETICS",1,"1-2"
2005,"PHARMACOKINETICS",3,"3-5"
2006,"PHARMACOKINETICS",1,"1-2"
2007,"PHARMACOKINETICS",2,"1-2"
2008,"PHARMACOKINETICS",4,"3-5"
2009,"PHARMACOKINETICS",5,"3-5"
2010,"PHARMACOKINETICS",6,"6-9"
2011,"PHARMACOKINETICS",4,"3-5"
2012,"PHARMACOKINETICS",3,"3-5"
2013,"PHARMACOKINETICS",6,"6-9"
2014,"PHARMACOKINETICS",2,"1-2"
2015,"PHARMACOKINETICS",6,"6-9"
2016,"PHARMACOKINETICS",5,"3-5"
2017,"PHARMACOKINETICS",9,"6-9"
2018,"PHARMACOKINETICS",10,"10-14"
2019,"PHARMACOKINETICS",8,"6-9"
2020,"PHARMACOKINETICS",8,"6-9"
2021,"PHARMACOKINETICS",8,"6-9"
1987,"PLASMA",1,"1-2"
1993,"PLASMA",1,"1-2"
1995,"PLASMA",1,"1-2"
1997,"PLASMA",1,"1-2"
1998,"PLASMA",1,"1-2"
2004,"PLASMA",2,"1-2"
2006,"PLASMA",3,"3-5"
2007,"PLASMA",5,"3-5"
2008,"PLASMA",1,"1-2"
2009,"PLASMA",6,"6-9"
2010,"PLASMA",8,"6-9"
2011,"PLASMA",2,"1-2"
2012,"PLASMA",3,"3-5"
2013,"PLASMA",3,"3-5"
2014,"PLASMA",8,"6-9"
2015,"PLASMA",4,"3-5"
2016,"PLASMA",3,"3-5"
2017,"PLASMA",3,"3-5"
2018,"PLASMA",3,"3-5"
2019,"PLASMA",2,"1-2"
2020,"PLASMA",2,"1-2"
2021,"PLASMA",1,"1-2"
1969,"POISONING",1,"1-2"
1970,"POISONING",1,"1-2"
1978,"POISONING",1,"1-2"
1982,"POISONING",1,"1-2"
1983,"POISONING",2,"1-2"
1986,"POISONING",1,"1-2"
1989,"POISONING",2,"1-2"
1990,"POISONING",1,"1-2"
1992,"POISONING",1,"1-2"
1993,"POISONING",3,"3-5"
1994,"POISONING",1,"1-2"
1995,"POISONING",4,"3-5"
1996,"POISONING",4,"3-5"
1997,"POISONING",4,"3-5"
1998,"POISONING",2,"1-2"
1999,"POISONING",5,"3-5"
2000,"POISONING",5,"3-5"
2001,"POISONING",2,"1-2"
2002,"POISONING",3,"3-5"
2003,"POISONING",6,"6-9"
2004,"POISONING",5,"3-5"
2005,"POISONING",4,"3-5"
2006,"POISONING",6,"6-9"
2007,"POISONING",2,"1-2"
2008,"POISONING",6,"6-9"
2009,"POISONING",10,"10-14"
2010,"POISONING",7,"6-9"
2011,"POISONING",17,"15-19"
2012,"POISONING",13,"10-14"
2013,"POISONING",17,"15-19"
2014,"POISONING",6,"6-9"
2015,"POISONING",8,"6-9"
2016,"POISONING",8,"6-9"
2017,"POISONING",9,"6-9"
2018,"POISONING",5,"3-5"
2019,"POISONING",11,"10-14"
2020,"POISONING",7,"6-9"
2021,"POISONING",15,"15-19"
1996,"POSTMORTEM REDISTRIBUTION",2,"1-2"
1997,"POSTMORTEM REDISTRIBUTION",4,"3-5"
1998,"POSTMORTEM REDISTRIBUTION",2,"1-2"
1999,"POSTMORTEM REDISTRIBUTION",3,"3-5"
2000,"POSTMORTEM REDISTRIBUTION",2,"1-2"
2001,"POSTMORTEM REDISTRIBUTION",2,"1-2"
2005,"POSTMORTEM REDISTRIBUTION",2,"1-2"
2009,"POSTMORTEM REDISTRIBUTION",2,"1-2"
2010,"POSTMORTEM REDISTRIBUTION",1,"1-2"
2011,"POSTMORTEM REDISTRIBUTION",1,"1-2"
2012,"POSTMORTEM REDISTRIBUTION",3,"3-5"
2013,"POSTMORTEM REDISTRIBUTION",2,"1-2"
2014,"POSTMORTEM REDISTRIBUTION",7,"6-9"
2015,"POSTMORTEM REDISTRIBUTION",4,"3-5"
2016,"POSTMORTEM REDISTRIBUTION",7,"6-9"
2017,"POSTMORTEM REDISTRIBUTION",4,"3-5"
2018,"POSTMORTEM REDISTRIBUTION",4,"3-5"
2019,"POSTMORTEM REDISTRIBUTION",4,"3-5"
2020,"POSTMORTEM REDISTRIBUTION",4,"3-5"
2021,"POSTMORTEM REDISTRIBUTION",2,"1-2"
1996,"RAMAN SPECTROSCOPY",1,"1-2"
2004,"RAMAN SPECTROSCOPY",1,"1-2"
2005,"RAMAN SPECTROSCOPY",2,"1-2"
2006,"RAMAN SPECTROSCOPY",2,"1-2"
2007,"RAMAN SPECTROSCOPY",3,"3-5"
2008,"RAMAN SPECTROSCOPY",2,"1-2"
2009,"RAMAN SPECTROSCOPY",3,"3-5"
2010,"RAMAN SPECTROSCOPY",4,"3-5"
2011,"RAMAN SPECTROSCOPY",4,"3-5"
2012,"RAMAN SPECTROSCOPY",5,"3-5"
2013,"RAMAN SPECTROSCOPY",6,"6-9"
2014,"RAMAN SPECTROSCOPY",3,"3-5"
2015,"RAMAN SPECTROSCOPY",5,"3-5"
2016,"RAMAN SPECTROSCOPY",3,"3-5"
2017,"RAMAN SPECTROSCOPY",2,"1-2"
2018,"RAMAN SPECTROSCOPY",5,"3-5"
2019,"RAMAN SPECTROSCOPY",2,"1-2"
2020,"RAMAN SPECTROSCOPY",4,"3-5"
2021,"RAMAN SPECTROSCOPY",2,"1-2"
1978,"REVIEW",1,"1-2"
1983,"REVIEW",1,"1-2"
1993,"REVIEW",3,"3-5"
1994,"REVIEW",1,"1-2"
1996,"REVIEW",2,"1-2"
1997,"REVIEW",2,"1-2"
1998,"REVIEW",7,"6-9"
1999,"REVIEW",9,"6-9"
2000,"REVIEW",5,"3-5"
2001,"REVIEW",4,"3-5"
2002,"REVIEW",3,"3-5"
2003,"REVIEW",2,"1-2"
2004,"REVIEW",4,"3-5"
2005,"REVIEW",4,"3-5"
2006,"REVIEW",2,"1-2"
2007,"REVIEW",2,"1-2"
2008,"REVIEW",3,"3-5"
2009,"REVIEW",3,"3-5"
2010,"REVIEW",5,"3-5"
2011,"REVIEW",2,"1-2"
2012,"REVIEW",2,"1-2"
2013,"REVIEW",5,"3-5"
2014,"REVIEW",2,"1-2"
2015,"REVIEW",5,"3-5"
2016,"REVIEW",7,"6-9"
2017,"REVIEW",6,"6-9"
2018,"REVIEW",3,"3-5"
2019,"REVIEW",6,"6-9"
2020,"REVIEW",4,"3-5"
2021,"REVIEW",7,"6-9"
1979,"SALIVA",1,"1-2"
1984,"SALIVA",1,"1-2"
1986,"SALIVA",1,"1-2"
1996,"SALIVA",1,"1-2"
1997,"SALIVA",1,"1-2"
1998,"SALIVA",1,"1-2"
1999,"SALIVA",1,"1-2"
2000,"SALIVA",1,"1-2"
2001,"SALIVA",3,"3-5"
2002,"SALIVA",1,"1-2"
2005,"SALIVA",6,"6-9"
2006,"SALIVA",1,"1-2"
2007,"SALIVA",2,"1-2"
2009,"SALIVA",3,"3-5"
2010,"SALIVA",5,"3-5"
2011,"SALIVA",2,"1-2"
2012,"SALIVA",2,"1-2"
2013,"SALIVA",3,"3-5"
2014,"SALIVA",2,"1-2"
2015,"SALIVA",5,"3-5"
2016,"SALIVA",1,"1-2"
2017,"SALIVA",4,"3-5"
2018,"SALIVA",5,"3-5"
2019,"SALIVA",2,"1-2"
2020,"SALIVA",6,"6-9"
2021,"SALIVA",3,"3-5"
1994,"SCHIZOPHRENIA",1,"1-2"
1995,"SCHIZOPHRENIA",1,"1-2"
1997,"SCHIZOPHRENIA",1,"1-2"
1998,"SCHIZOPHRENIA",2,"1-2"
1999,"SCHIZOPHRENIA",2,"1-2"
2000,"SCHIZOPHRENIA",4,"3-5"
2001,"SCHIZOPHRENIA",1,"1-2"
2002,"SCHIZOPHRENIA",1,"1-2"
2003,"SCHIZOPHRENIA",2,"1-2"
2005,"SCHIZOPHRENIA",1,"1-2"
2006,"SCHIZOPHRENIA",2,"1-2"
2007,"SCHIZOPHRENIA",2,"1-2"
2008,"SCHIZOPHRENIA",2,"1-2"
2009,"SCHIZOPHRENIA",5,"3-5"
2010,"SCHIZOPHRENIA",3,"3-5"
2011,"SCHIZOPHRENIA",3,"3-5"
2012,"SCHIZOPHRENIA",6,"6-9"
2013,"SCHIZOPHRENIA",5,"3-5"
2014,"SCHIZOPHRENIA",4,"3-5"
2015,"SCHIZOPHRENIA",2,"1-2"
2016,"SCHIZOPHRENIA",7,"6-9"
2017,"SCHIZOPHRENIA",6,"6-9"
2018,"SCHIZOPHRENIA",7,"6-9"
2019,"SCHIZOPHRENIA",7,"6-9"
2020,"SCHIZOPHRENIA",8,"6-9"
2021,"SCHIZOPHRENIA",4,"3-5"
1975,"SCREENING",1,"1-2"
1983,"SCREENING",1,"1-2"
1984,"SCREENING",1,"1-2"
1986,"SCREENING",1,"1-2"
1990,"SCREENING",2,"1-2"
1995,"SCREENING",1,"1-2"
1998,"SCREENING",2,"1-2"
1999,"SCREENING",2,"1-2"
2000,"SCREENING",1,"1-2"
2003,"SCREENING",3,"3-5"
2004,"SCREENING",2,"1-2"
2005,"SCREENING",2,"1-2"
2007,"SCREENING",1,"1-2"
2008,"SCREENING",1,"1-2"
2009,"SCREENING",4,"3-5"
2010,"SCREENING",2,"1-2"
2011,"SCREENING",6,"6-9"
2012,"SCREENING",5,"3-5"
2013,"SCREENING",5,"3-5"
2014,"SCREENING",2,"1-2"
2015,"SCREENING",4,"3-5"
2016,"SCREENING",4,"3-5"
2017,"SCREENING",4,"3-5"
2018,"SCREENING",4,"3-5"
2019,"SCREENING",3,"3-5"
2020,"SCREENING",2,"1-2"
2021,"SCREENING",5,"3-5"
1985,"SEXUAL ASSAULT",1,"1-2"
1992,"SEXUAL ASSAULT",1,"1-2"
1997,"SEXUAL ASSAULT",1,"1-2"
1999,"SEXUAL ASSAULT",1,"1-2"
2000,"SEXUAL ASSAULT",2,"1-2"
2001,"SEXUAL ASSAULT",1,"1-2"
2002,"SEXUAL ASSAULT",1,"1-2"
2003,"SEXUAL ASSAULT",2,"1-2"
2004,"SEXUAL ASSAULT",2,"1-2"
2005,"SEXUAL ASSAULT",1,"1-2"
2006,"SEXUAL ASSAULT",3,"3-5"
2007,"SEXUAL ASSAULT",6,"6-9"
2008,"SEXUAL ASSAULT",2,"1-2"
2009,"SEXUAL ASSAULT",3,"3-5"
2010,"SEXUAL ASSAULT",2,"1-2"
2011,"SEXUAL ASSAULT",2,"1-2"
2012,"SEXUAL ASSAULT",5,"3-5"
2013,"SEXUAL ASSAULT",13,"10-14"
2014,"SEXUAL ASSAULT",5,"3-5"
2015,"SEXUAL ASSAULT",7,"6-9"
2016,"SEXUAL ASSAULT",4,"3-5"
2017,"SEXUAL ASSAULT",10,"10-14"
2018,"SEXUAL ASSAULT",5,"3-5"
2019,"SEXUAL ASSAULT",5,"3-5"
2020,"SEXUAL ASSAULT",4,"3-5"
2021,"SEXUAL ASSAULT",8,"6-9"
1995,"SOLID-PHASE MICROEXTRACTION (SPME)",3,"3-5"
1998,"SOLID-PHASE MICROEXTRACTION (SPME)",1,"1-2"
1999,"SOLID-PHASE MICROEXTRACTION (SPME)",2,"1-2"
2000,"SOLID-PHASE MICROEXTRACTION (SPME)",4,"3-5"
2001,"SOLID-PHASE MICROEXTRACTION (SPME)",5,"3-5"
2002,"SOLID-PHASE MICROEXTRACTION (SPME)",2,"1-2"
2003,"SOLID-PHASE MICROEXTRACTION (SPME)",4,"3-5"
2004,"SOLID-PHASE MICROEXTRACTION (SPME)",5,"3-5"
2005,"SOLID-PHASE MICROEXTRACTION (SPME)",2,"1-2"
2006,"SOLID-PHASE MICROEXTRACTION (SPME)",3,"3-5"
2007,"SOLID-PHASE MICROEXTRACTION (SPME)",4,"3-5"
2008,"SOLID-PHASE MICROEXTRACTION (SPME)",1,"1-2"
2009,"SOLID-PHASE MICROEXTRACTION (SPME)",1,"1-2"
2010,"SOLID-PHASE MICROEXTRACTION (SPME)",3,"3-5"
2011,"SOLID-PHASE MICROEXTRACTION (SPME)",2,"1-2"
2012,"SOLID-PHASE MICROEXTRACTION (SPME)",2,"1-2"
2013,"SOLID-PHASE MICROEXTRACTION (SPME)",4,"3-5"
2014,"SOLID-PHASE MICROEXTRACTION (SPME)",2,"1-2"
2015,"SOLID-PHASE MICROEXTRACTION (SPME)",2,"1-2"
2016,"SOLID-PHASE MICROEXTRACTION (SPME)",3,"3-5"
2017,"SOLID-PHASE MICROEXTRACTION (SPME)",3,"3-5"
2019,"SOLID-PHASE MICROEXTRACTION (SPME)",3,"3-5"
2020,"SOLID-PHASE MICROEXTRACTION (SPME)",1,"1-2"
2021,"SOLID-PHASE MICROEXTRACTION (SPME)",2,"1-2"
1987,"SOLID PHASE EXTRACTION (SPE)",1,"1-2"
1990,"SOLID PHASE EXTRACTION (SPE)",1,"1-2"
1992,"SOLID PHASE EXTRACTION (SPE)",1,"1-2"
1994,"SOLID PHASE EXTRACTION (SPE)",2,"1-2"
1996,"SOLID PHASE EXTRACTION (SPE)",2,"1-2"
1997,"SOLID PHASE EXTRACTION (SPE)",5,"3-5"
1998,"SOLID PHASE EXTRACTION (SPE)",3,"3-5"
1999,"SOLID PHASE EXTRACTION (SPE)",1,"1-2"
2000,"SOLID PHASE EXTRACTION (SPE)",6,"6-9"
2001,"SOLID PHASE EXTRACTION (SPE)",4,"3-5"
2002,"SOLID PHASE EXTRACTION (SPE)",4,"3-5"
2003,"SOLID PHASE EXTRACTION (SPE)",3,"3-5"
2004,"SOLID PHASE EXTRACTION (SPE)",3,"3-5"
2005,"SOLID PHASE EXTRACTION (SPE)",8,"6-9"
2006,"SOLID PHASE EXTRACTION (SPE)",6,"6-9"
2007,"SOLID PHASE EXTRACTION (SPE)",5,"3-5"
2008,"SOLID PHASE EXTRACTION (SPE)",9,"6-9"
2009,"SOLID PHASE EXTRACTION (SPE)",10,"10-14"
2010,"SOLID PHASE EXTRACTION (SPE)",7,"6-9"
2011,"SOLID PHASE EXTRACTION (SPE)",11,"10-14"
2012,"SOLID PHASE EXTRACTION (SPE)",6,"6-9"
2013,"SOLID PHASE EXTRACTION (SPE)",12,"10-14"
2014,"SOLID PHASE EXTRACTION (SPE)",6,"6-9"
2015,"SOLID PHASE EXTRACTION (SPE)",3,"3-5"
2016,"SOLID PHASE EXTRACTION (SPE)",2,"1-2"
2017,"SOLID PHASE EXTRACTION (SPE)",4,"3-5"
2018,"SOLID PHASE EXTRACTION (SPE)",8,"6-9"
2019,"SOLID PHASE EXTRACTION (SPE)",4,"3-5"
2020,"SOLID PHASE EXTRACTION (SPE)",4,"3-5"
2021,"SOLID PHASE EXTRACTION (SPE)",7,"6-9"
1993,"STABILITY",1,"1-2"
1995,"STABILITY",1,"1-2"
1997,"STABILITY",1,"1-2"
1998,"STABILITY",4,"3-5"
2002,"STABILITY",2,"1-2"
2004,"STABILITY",3,"3-5"
2006,"STABILITY",5,"3-5"
2007,"STABILITY",3,"3-5"
2008,"STABILITY",1,"1-2"
2009,"STABILITY",3,"3-5"
2010,"STABILITY",3,"3-5"
2011,"STABILITY",3,"3-5"
2012,"STABILITY",6,"6-9"
2013,"STABILITY",3,"3-5"
2014,"STABILITY",6,"6-9"
2015,"STABILITY",3,"3-5"
2016,"STABILITY",1,"1-2"
2017,"STABILITY",3,"3-5"
2018,"STABILITY",1,"1-2"
2019,"STABILITY",2,"1-2"
2020,"STABILITY",4,"3-5"
2021,"STABILITY",4,"3-5"
1984,"SUBSTANCE ABUSE",1,"1-2"
1985,"SUBSTANCE ABUSE",3,"3-5"
1986,"SUBSTANCE ABUSE",2,"1-2"
1988,"SUBSTANCE ABUSE",1,"1-2"
1991,"SUBSTANCE ABUSE",2,"1-2"
1993,"SUBSTANCE ABUSE",3,"3-5"
1994,"SUBSTANCE ABUSE",2,"1-2"
1995,"SUBSTANCE ABUSE",9,"6-9"
1996,"SUBSTANCE ABUSE",6,"6-9"
1997,"SUBSTANCE ABUSE",5,"3-5"
1998,"SUBSTANCE ABUSE",7,"6-9"
1999,"SUBSTANCE ABUSE",5,"3-5"
2000,"SUBSTANCE ABUSE",6,"6-9"
2001,"SUBSTANCE ABUSE",7,"6-9"
2002,"SUBSTANCE ABUSE",4,"3-5"
2003,"SUBSTANCE ABUSE",4,"3-5"
2004,"SUBSTANCE ABUSE",4,"3-5"
2005,"SUBSTANCE ABUSE",8,"6-9"
2006,"SUBSTANCE ABUSE",7,"6-9"
2007,"SUBSTANCE ABUSE",6,"6-9"
2008,"SUBSTANCE ABUSE",3,"3-5"
2009,"SUBSTANCE ABUSE",11,"10-14"
2010,"SUBSTANCE ABUSE",8,"6-9"
2011,"SUBSTANCE ABUSE",12,"10-14"
2012,"SUBSTANCE ABUSE",10,"10-14"
2013,"SUBSTANCE ABUSE",14,"10-14"
2014,"SUBSTANCE ABUSE",19,"15-19"
2015,"SUBSTANCE ABUSE",8,"6-9"
2016,"SUBSTANCE ABUSE",12,"10-14"
2017,"SUBSTANCE ABUSE",12,"10-14"
2018,"SUBSTANCE ABUSE",13,"10-14"
2019,"SUBSTANCE ABUSE",18,"15-19"
2020,"SUBSTANCE ABUSE",11,"10-14"
2021,"SUBSTANCE ABUSE",25,"25-29"
1984,"SUDDEN DEATH",1,"1-2"
1986,"SUDDEN DEATH",3,"3-5"
1989,"SUDDEN DEATH",1,"1-2"
1990,"SUDDEN DEATH",1,"1-2"
1993,"SUDDEN DEATH",1,"1-2"
1997,"SUDDEN DEATH",2,"1-2"
1998,"SUDDEN DEATH",1,"1-2"
1999,"SUDDEN DEATH",1,"1-2"
2000,"SUDDEN DEATH",1,"1-2"
2001,"SUDDEN DEATH",2,"1-2"
2002,"SUDDEN DEATH",2,"1-2"
2003,"SUDDEN DEATH",3,"3-5"
2004,"SUDDEN DEATH",1,"1-2"
2005,"SUDDEN DEATH",2,"1-2"
2006,"SUDDEN DEATH",2,"1-2"
2007,"SUDDEN DEATH",3,"3-5"
2008,"SUDDEN DEATH",2,"1-2"
2009,"SUDDEN DEATH",5,"3-5"
2010,"SUDDEN DEATH",1,"1-2"
2011,"SUDDEN DEATH",3,"3-5"
2012,"SUDDEN DEATH",8,"6-9"
2013,"SUDDEN DEATH",7,"6-9"
2014,"SUDDEN DEATH",8,"6-9"
2015,"SUDDEN DEATH",6,"6-9"
2016,"SUDDEN DEATH",5,"3-5"
2017,"SUDDEN DEATH",6,"6-9"
2018,"SUDDEN DEATH",3,"3-5"
2019,"SUDDEN DEATH",2,"1-2"
2020,"SUDDEN DEATH",3,"3-5"
1972,"SUICIDE",1,"1-2"
1974,"SUICIDE",1,"1-2"
1978,"SUICIDE",1,"1-2"
1979,"SUICIDE",1,"1-2"
1982,"SUICIDE",1,"1-2"
1984,"SUICIDE",1,"1-2"
1985,"SUICIDE",1,"1-2"
1986,"SUICIDE",1,"1-2"
1987,"SUICIDE",1,"1-2"
1989,"SUICIDE",1,"1-2"
1992,"SUICIDE",1,"1-2"
1993,"SUICIDE",2,"1-2"
1994,"SUICIDE",4,"3-5"
1995,"SUICIDE",4,"3-5"
1996,"SUICIDE",2,"1-2"
1997,"SUICIDE",5,"3-5"
1998,"SUICIDE",6,"6-9"
1999,"SUICIDE",1,"1-2"
2000,"SUICIDE",10,"10-14"
2001,"SUICIDE",3,"3-5"
2002,"SUICIDE",3,"3-5"
2003,"SUICIDE",7,"6-9"
2004,"SUICIDE",5,"3-5"
2005,"SUICIDE",7,"6-9"
2006,"SUICIDE",6,"6-9"
2007,"SUICIDE",7,"6-9"
2008,"SUICIDE",12,"10-14"
2009,"SUICIDE",15,"15-19"
2010,"SUICIDE",9,"6-9"
2011,"SUICIDE",11,"10-14"
2012,"SUICIDE",14,"10-14"
2013,"SUICIDE",21,"20-24"
2014,"SUICIDE",21,"20-24"
2015,"SUICIDE",12,"10-14"
2016,"SUICIDE",16,"15-19"
2017,"SUICIDE",21,"20-24"
2018,"SUICIDE",10,"10-14"
2019,"SUICIDE",15,"15-19"
2020,"SUICIDE",13,"10-14"
2021,"SUICIDE",19,"15-19"
2012,"SYNTHETIC CATHINONE",1,"1-2"
2013,"SYNTHETIC CATHINONE",3,"3-5"
2014,"SYNTHETIC CATHINONE",3,"3-5"
2015,"SYNTHETIC CATHINONE",4,"3-5"
2016,"SYNTHETIC CATHINONE",9,"6-9"
2017,"SYNTHETIC CATHINONE",8,"6-9"
2018,"SYNTHETIC CATHINONE",9,"6-9"
2019,"SYNTHETIC CATHINONE",7,"6-9"
2020,"SYNTHETIC CATHINONE",16,"15-19"
2021,"SYNTHETIC CATHINONE",11,"10-14"
1993,"TANDEM MASS SPECTROMETRY (MS/MS)",3,"3-5"
1994,"TANDEM MASS SPECTROMETRY (MS/MS)",1,"1-2"
1997,"TANDEM MASS SPECTROMETRY (MS/MS)",1,"1-2"
2000,"TANDEM MASS SPECTROMETRY (MS/MS)",3,"3-5"
2003,"TANDEM MASS SPECTROMETRY (MS/MS)",2,"1-2"
2004,"TANDEM MASS SPECTROMETRY (MS/MS)",2,"1-2"
2006,"TANDEM MASS SPECTROMETRY (MS/MS)",1,"1-2"
2007,"TANDEM MASS SPECTROMETRY (MS/MS)",2,"1-2"
2008,"TANDEM MASS SPECTROMETRY (MS/MS)",1,"1-2"
2009,"TANDEM MASS SPECTROMETRY (MS/MS)",1,"1-2"
2010,"TANDEM MASS SPECTROMETRY (MS/MS)",2,"1-2"
2011,"TANDEM MASS SPECTROMETRY (MS/MS)",4,"3-5"
2012,"TANDEM MASS SPECTROMETRY (MS/MS)",7,"6-9"
2013,"TANDEM MASS SPECTROMETRY (MS/MS)",7,"6-9"
2014,"TANDEM MASS SPECTROMETRY (MS/MS)",2,"1-2"
2015,"TANDEM MASS SPECTROMETRY (MS/MS)",4,"3-5"
2016,"TANDEM MASS SPECTROMETRY (MS/MS)",4,"3-5"
2017,"TANDEM MASS SPECTROMETRY (MS/MS)",1,"1-2"
2018,"TANDEM MASS SPECTROMETRY (MS/MS)",3,"3-5"
2019,"TANDEM MASS SPECTROMETRY (MS/MS)",6,"6-9"
2020,"TANDEM MASS SPECTROMETRY (MS/MS)",1,"1-2"
2021,"TANDEM MASS SPECTROMETRY (MS/MS)",2,"1-2"
1974,"THIN LAYER CHROMATOGRAPHY (TLC)",1,"1-2"
1983,"THIN LAYER CHROMATOGRAPHY (TLC)",5,"3-5"
1985,"THIN LAYER CHROMATOGRAPHY (TLC)",1,"1-2"
1988,"THIN LAYER CHROMATOGRAPHY (TLC)",1,"1-2"
1990,"THIN LAYER CHROMATOGRAPHY (TLC)",1,"1-2"
1991,"THIN LAYER CHROMATOGRAPHY (TLC)",1,"1-2"
1992,"THIN LAYER CHROMATOGRAPHY (TLC)",2,"1-2"
1996,"THIN LAYER CHROMATOGRAPHY (TLC)",1,"1-2"
1997,"THIN LAYER CHROMATOGRAPHY (TLC)",1,"1-2"
1999,"THIN LAYER CHROMATOGRAPHY (TLC)",1,"1-2"
2001,"THIN LAYER CHROMATOGRAPHY (TLC)",1,"1-2"
2003,"THIN LAYER CHROMATOGRAPHY (TLC)",1,"1-2"
2005,"THIN LAYER CHROMATOGRAPHY (TLC)",2,"1-2"
2006,"THIN LAYER CHROMATOGRAPHY (TLC)",1,"1-2"
2007,"THIN LAYER CHROMATOGRAPHY (TLC)",2,"1-2"
2008,"THIN LAYER CHROMATOGRAPHY (TLC)",2,"1-2"
2009,"THIN LAYER CHROMATOGRAPHY (TLC)",2,"1-2"
2010,"THIN LAYER CHROMATOGRAPHY (TLC)",2,"1-2"
2011,"THIN LAYER CHROMATOGRAPHY (TLC)",5,"3-5"
2013,"THIN LAYER CHROMATOGRAPHY (TLC)",2,"1-2"
2014,"THIN LAYER CHROMATOGRAPHY (TLC)",2,"1-2"
2015,"THIN LAYER CHROMATOGRAPHY (TLC)",3,"3-5"
2016,"THIN LAYER CHROMATOGRAPHY (TLC)",1,"1-2"
2017,"THIN LAYER CHROMATOGRAPHY (TLC)",1,"1-2"
2018,"THIN LAYER CHROMATOGRAPHY (TLC)",5,"3-5"
2019,"THIN LAYER CHROMATOGRAPHY (TLC)",3,"3-5"
2020,"THIN LAYER CHROMATOGRAPHY (TLC)",1,"1-2"
2021,"THIN LAYER CHROMATOGRAPHY (TLC)",3,"3-5"
1981,"TOXICITY",1,"1-2"
1997,"TOXICITY",1,"1-2"
1998,"TOXICITY",3,"3-5"
2000,"TOXICITY",1,"1-2"
2001,"TOXICITY",2,"1-2"
2002,"TOXICITY",1,"1-2"
2003,"TOXICITY",1,"1-2"
2004,"TOXICITY",1,"1-2"
2005,"TOXICITY",2,"1-2"
2006,"TOXICITY",1,"1-2"
2010,"TOXICITY",3,"3-5"
2011,"TOXICITY",7,"6-9"
2012,"TOXICITY",5,"3-5"
2013,"TOXICITY",7,"6-9"
2014,"TOXICITY",4,"3-5"
2015,"TOXICITY",5,"3-5"
2016,"TOXICITY",6,"6-9"
2017,"TOXICITY",2,"1-2"
2018,"TOXICITY",6,"6-9"
2019,"TOXICITY",9,"6-9"
2020,"TOXICITY",4,"3-5"
2021,"TOXICITY",9,"6-9"
1977,"TOXICOLOGY",1,"1-2"
1983,"TOXICOLOGY",1,"1-2"
1984,"TOXICOLOGY",2,"1-2"
1986,"TOXICOLOGY",1,"1-2"
1988,"TOXICOLOGY",3,"3-5"
1989,"TOXICOLOGY",2,"1-2"
1990,"TOXICOLOGY",11,"10-14"
1991,"TOXICOLOGY",13,"10-14"
1992,"TOXICOLOGY",10,"10-14"
1993,"TOXICOLOGY",7,"6-9"
1994,"TOXICOLOGY",9,"6-9"
1995,"TOXICOLOGY",11,"10-14"
1996,"TOXICOLOGY",17,"15-19"
1997,"TOXICOLOGY",6,"6-9"
1998,"TOXICOLOGY",3,"3-5"
1999,"TOXICOLOGY",8,"6-9"
2000,"TOXICOLOGY",6,"6-9"
2001,"TOXICOLOGY",8,"6-9"
2002,"TOXICOLOGY",9,"6-9"
2003,"TOXICOLOGY",4,"3-5"
2004,"TOXICOLOGY",8,"6-9"
2005,"TOXICOLOGY",9,"6-9"
2006,"TOXICOLOGY",14,"10-14"
2007,"TOXICOLOGY",16,"15-19"
2008,"TOXICOLOGY",11,"10-14"
2009,"TOXICOLOGY",18,"15-19"
2010,"TOXICOLOGY",14,"10-14"
2011,"TOXICOLOGY",13,"10-14"
2012,"TOXICOLOGY",27,"25-29"
2013,"TOXICOLOGY",22,"20-24"
2014,"TOXICOLOGY",16,"15-19"
2015,"TOXICOLOGY",25,"25-29"
2016,"TOXICOLOGY",19,"15-19"
2017,"TOXICOLOGY",24,"20-24"
2018,"TOXICOLOGY",24,"20-24"
2019,"TOXICOLOGY",26,"25-29"
2020,"TOXICOLOGY",12,"10-14"
2021,"TOXICOLOGY",27,"25-29"
1977,"URINE",1,"1-2"
1983,"URINE",1,"1-2"
1984,"URINE",1,"1-2"
1985,"URINE",1,"1-2"
1986,"URINE",3,"3-5"
1987,"URINE",2,"1-2"
1989,"URINE",3,"3-5"
1990,"URINE",1,"1-2"
1991,"URINE",1,"1-2"
1992,"URINE",1,"1-2"
1993,"URINE",3,"3-5"
1994,"URINE",1,"1-2"
1995,"URINE",2,"1-2"
1996,"URINE",4,"3-5"
1997,"URINE",5,"3-5"
1998,"URINE",9,"6-9"
1999,"URINE",3,"3-5"
2000,"URINE",4,"3-5"
2002,"URINE",1,"1-2"
2003,"URINE",3,"3-5"
2004,"URINE",4,"3-5"
2005,"URINE",8,"6-9"
2006,"URINE",12,"10-14"
2007,"URINE",11,"10-14"
2008,"URINE",7,"6-9"
2009,"URINE",11,"10-14"
2010,"URINE",10,"10-14"
2011,"URINE",8,"6-9"
2012,"URINE",18,"15-19"
2013,"URINE",14,"10-14"
2014,"URINE",13,"10-14"
2015,"URINE",20,"20-24"
2016,"URINE",11,"10-14"
2017,"URINE",10,"10-14"
2018,"URINE",21,"20-24"
2019,"URINE",13,"10-14"
2020,"URINE",11,"10-14"
2021,"URINE",18,"15-19"
1997,"VALIDATION",1,"1-2"
2000,"VALIDATION",1,"1-2"
2003,"VALIDATION",1,"1-2"
2004,"VALIDATION",1,"1-2"
2006,"VALIDATION",1,"1-2"
2007,"VALIDATION",6,"6-9"
2008,"VALIDATION",1,"1-2"
2009,"VALIDATION",5,"3-5"
2011,"VALIDATION",4,"3-5"
2012,"VALIDATION",3,"3-5"
2013,"VALIDATION",6,"6-9"
2014,"VALIDATION",3,"3-5"
2015,"VALIDATION",7,"6-9"
2016,"VALIDATION",3,"3-5"
2017,"VALIDATION",7,"6-9"
2018,"VALIDATION",6,"6-9"
2019,"VALIDATION",2,"1-2"
2020,"VALIDATION",5,"3-5"
2021,"VALIDATION",5,"3-5"
1983,"VIOLENCE",1,"1-2"
1984,"VIOLENCE",1,"1-2"
1991,"VIOLENCE",1,"1-2"
1996,"VIOLENCE",1,"1-2"
1997,"VIOLENCE",2,"1-2"
1998,"VIOLENCE",2,"1-2"
1999,"VIOLENCE",2,"1-2"
2000,"VIOLENCE",3,"3-5"
2002,"VIOLENCE",2,"1-2"
2003,"VIOLENCE",1,"1-2"
2004,"VIOLENCE",2,"1-2"
2005,"VIOLENCE",1,"1-2"
2006,"VIOLENCE",1,"1-2"
2007,"VIOLENCE",3,"3-5"
2008,"VIOLENCE",4,"3-5"
2009,"VIOLENCE",6,"6-9"
2010,"VIOLENCE",3,"3-5"
2011,"VIOLENCE",5,"3-5"
2012,"VIOLENCE",6,"6-9"
2013,"VIOLENCE",4,"3-5"
2014,"VIOLENCE",7,"6-9"
2015,"VIOLENCE",2,"1-2"
2016,"VIOLENCE",3,"3-5"
2017,"VIOLENCE",5,"3-5"
2018,"VIOLENCE",10,"10-14"
2019,"VIOLENCE",8,"6-9"
2020,"VIOLENCE",11,"10-14"
2021,"VIOLENCE",3,"3-5"
1993,"WHOLE BLOOD",1,"1-2"
1996,"WHOLE BLOOD",1,"1-2"
2001,"WHOLE BLOOD",2,"1-2"
2003,"WHOLE BLOOD",1,"1-2"
2004,"WHOLE BLOOD",2,"1-2"
2005,"WHOLE BLOOD",3,"3-5"
2006,"WHOLE BLOOD",2,"1-2"
2007,"WHOLE BLOOD",3,"3-5"
2008,"WHOLE BLOOD",1,"1-2"
2010,"WHOLE BLOOD",1,"1-2"
2011,"WHOLE BLOOD",4,"3-5"
2012,"WHOLE BLOOD",11,"10-14"
2013,"WHOLE BLOOD",6,"6-9"
2014,"WHOLE BLOOD",9,"6-9"
2015,"WHOLE BLOOD",1,"1-2"
2016,"WHOLE BLOOD",4,"3-5"
2017,"WHOLE BLOOD",5,"3-5"
2018,"WHOLE BLOOD",3,"3-5"
2019,"WHOLE BLOOD",5,"3-5"
2020,"WHOLE BLOOD",6,"6-9"
2021,"WHOLE BLOOD",3,"3-5"
